ID,Phylum,Class,Order,Family,Genus,Species
ESV_2512,Annelida,Clitellata,Crassiclitellata,Megascolecidae,Amynthas,Amynthas morrisi
ESV_3883,Annelida,Clitellata,Crassiclitellata,Megascolecidae,Amynthas,
ESV_3430,Annelida,Clitellata,Enchytraeida,Enchytraeidae,,
ESV_4554,Annelida,Clitellata,Enchytraeida,Enchytraeidae,,
ESV_5313,Annelida,Clitellata,Enchytraeida,Enchytraeidae,,
ESV_6342,Annelida,Clitellata,Haplotaxida,Naididae,Chaetogaster,Chaetogaster diastrophus
ESV_6478,Annelida,Clitellata,Haplotaxida,Naididae,Chaetogaster,
ESV_4953,Annelida,Clitellata,Haplotaxida,Naididae,Pristina,Pristina osborni
ESV_5915,Annelida,Clitellata,Haplotaxida,Naididae,Pristina,
ESV_3560,Annelida,Polychaeta,Echiuroidea,Bonelliidae,Bonellia,
ESV_68,Annelida,Polychaeta,Echiuroidea,Bonelliidae,Bonellia,
ESV_6400,Annelida,Polychaeta,Eunicida,Amphinomidae,Eurythoe,
ESV_3457,Annelida,Polychaeta,Eunicida,Eunicidae,Eunicidae sp. USNM 1467410,
ESV_3922,Annelida,Polychaeta,Eunicida,Eunicidae,Eunicidae sp. USNM 1467410,
ESV_3079,Annelida,Polychaeta,Eunicida,Eunicidae,Palola,Palola sp. AM W.44146(1)
ESV_6084,Annelida,Polychaeta,Phyllodocida,Nereididae,Hediste,Hediste atoka
ESV_939,Annelida,Polychaeta,Phyllodocida,Phyllodocidae,Phyllodoce,Phyllodoce medipapillata
ESV_2373,Annelida,Polychaeta,Phyllodocida,Polynoidae,Thormora,Thormora jukesii
ESV_4738,Annelida,Polychaeta,Phyllodocida,Polynoidae,Thormora,Thormora jukesii
ESV_2489,Annelida,Polychaeta,Phyllodocida,Polynoidae,,
ESV_2927,Annelida,Polychaeta,Phyllodocida,Polynoidae,,
ESV_4511,Annelida,Polychaeta,Phyllodocida,Polynoidae,,
ESV_3895,Annelida,Polychaeta,Phyllodocida,Syllidae,Amblyosyllis,Amblyosyllis spectabilis
ESV_846,Annelida,Polychaeta,Phyllodocida,Syllidae,Opisthodonta,Opisthodonta sp. MTA-2011
ESV_5268,Annelida,Polychaeta,Phyllodocida,Syllidae,Syllis,Syllis gracilis
ESV_3445,Annelida,Polychaeta,Phyllodocida,Syllidae,Syllis,Syllis okadai
ESV_4552,Annelida,Polychaeta,Phyllodocida,Syllidae,Syllis,Syllis okadai
ESV_2619,Annelida,Polychaeta,Phyllodocida,Syllidae,Syllis,Syllis picta
ESV_3192,Annelida,Polychaeta,Phyllodocida,Syllidae,Syllis,Syllis picta
ESV_3626,Annelida,Polychaeta,Phyllodocida,Syllidae,Syllis,Syllis picta
ESV_5909,Annelida,Polychaeta,Phyllodocida,Syllidae,Trypanosyllis,Trypanosyllis luzonensis
ESV_5512,Annelida,Polychaeta,Phyllodocida,Syllidae,,nan Syllidae sp. BMOO-14091
ESV_6491,Annelida,Polychaeta,Phyllodocida,Syllidae,,nan Syllidae sp. BMOO-14091
ESV_5207,Annelida,Polychaeta,Phyllodocida,Syllidae,,nan Syllidae sp. BMOO-14486
ESV_2871,Annelida,Polychaeta,Phyllodocida,Syllidae,,
ESV_3823,Annelida,Polychaeta,Phyllodocida,Syllidae,,
ESV_1821,Annelida,Polychaeta,Phyllodocida,,,nan Phyllodocida sp. USNM 1467511
ESV_4589,Annelida,Polychaeta,Spionida,Spionidae,Malacoceros,Malacoceros indicus
ESV_2702,Annelida,Polychaeta,Spionida,Spionidae,Scolelepis,Scolelepis sp. n. 2 GHL-2021
ESV_3975,Annelida,Polychaeta,Spionida,Spionidae,Scolelepis,Scolelepis sp. n. 2 GHL-2021
ESV_1466,Annelida,Polychaeta,Terebellida,Cirratulidae,Timarete,Timarete punctata
ESV_4622,Annelida,Polychaeta,Terebellida,Cirratulidae,Timarete,Timarete punctata
ESV_5218,Annelida,Polychaeta,Terebellida,Cirratulidae,Timarete,Timarete punctata
ESV_6349,Annelida,Polychaeta,Terebellida,Cirratulidae,Timarete,Timarete punctata
ESV_4597,Annelida,Polychaeta,Terebellida,Flabelligeridae,Flabelligera,
ESV_4350,Annelida,Polychaeta,Terebellida,Flabelligeridae,,
ESV_1321,Annelida,Polychaeta,Terebellida,Terebellidae,Nicolea,Nicolea sp. USNM IZ 1524135
ESV_2761,Annelida,Polychaeta,Terebellida,Trichobranchidae,Terebellides,Terebellides sp. USNM 1467476
ESV_1340,Annelida,Polychaeta,,Chaetopteridae,Chaetopterus,Chaetopterus sp. 6 JM-2017
ESV_6449,Annelida,Polychaeta,,Dinophilidae,Dimorphilus,
ESV_3681,Annelida,Polychaeta,,Orbiniidae,,nan Orbiniidae sp. D ZW-2021
ESV_3230,Annelida,Polychaeta,,,,
ESV_3568,Annelida,Polychaeta,,,,
ESV_3577,Annelida,Polychaeta,,,,
ESV_4760,Annelida,Polychaeta,,,,
ESV_3503,Annelida,,,,,
ESV_5626,Arthropoda,Branchiopoda,Diplostraca,Podonidae,Pseudevadne,Pseudevadne tergestina
ESV_1129,Arthropoda,Copepoda,Calanoida,Acartiidae,Acartia,Acartia japonica
ESV_1225,Arthropoda,Copepoda,Calanoida,Acartiidae,Acartia,Acartia japonica
ESV_1435,Arthropoda,Copepoda,Calanoida,Acartiidae,Acartia,Acartia japonica
ESV_2143,Arthropoda,Copepoda,Calanoida,Acartiidae,Acartia,Acartia japonica
ESV_543,Arthropoda,Copepoda,Calanoida,Acartiidae,Acartia,Acartia japonica
ESV_577,Arthropoda,Copepoda,Calanoida,Acartiidae,Acartia,Acartia japonica
ESV_5235,Arthropoda,Copepoda,Calanoida,Acartiidae,Acartia,Acartia negligens
ESV_2901,Arthropoda,Copepoda,Calanoida,Acartiidae,Acartia,Acartia sinjiensis
ESV_535,Arthropoda,Copepoda,Calanoida,Calanidae,Cosmocalanus,Cosmocalanus darwinii
ESV_6375,Arthropoda,Copepoda,Calanoida,Calanidae,Undinula,Undinula vulgaris
ESV_1109,Arthropoda,Copepoda,Calanoida,Calocalanidae,Calocalanus,Calocalanus minutus
ESV_2798,Arthropoda,Copepoda,Calanoida,Calocalanidae,Calocalanus,Calocalanus minutus
ESV_2850,Arthropoda,Copepoda,Calanoida,Calocalanidae,Calocalanus,Calocalanus minutus
ESV_397,Arthropoda,Copepoda,Calanoida,Calocalanidae,Calocalanus,Calocalanus minutus
ESV_2935,Arthropoda,Copepoda,Calanoida,Calocalanidae,Calocalanus,Calocalanus pavo
ESV_5320,Arthropoda,Copepoda,Calanoida,Calocalanidae,Calocalanus,Calocalanus styliremis
ESV_2791,Arthropoda,Copepoda,Calanoida,Calocalanidae,Calocalanus,
ESV_3566,Arthropoda,Copepoda,Calanoida,Centropagidae,Centropages,Centropages orsinii
ESV_4249,Arthropoda,Copepoda,Calanoida,Centropagidae,Centropages,Centropages orsinii
ESV_5990,Arthropoda,Copepoda,Calanoida,Centropagidae,Centropages,Centropages orsinii
ESV_644,Arthropoda,Copepoda,Calanoida,Centropagidae,Centropages,Centropages orsinii
ESV_4113,Arthropoda,Copepoda,Calanoida,Clausocalanidae,Clausocalanus,Clausocalanus lividus
ESV_1156,Arthropoda,Copepoda,Calanoida,Clausocalanidae,Clausocalanus,Clausocalanus minor
ESV_4232,Arthropoda,Copepoda,Calanoida,Clausocalanidae,Clausocalanus,Clausocalanus parapergens
ESV_2224,Arthropoda,Copepoda,Calanoida,Clausocalanidae,Clausocalanus,Clausocalanus paululus
ESV_3440,Arthropoda,Copepoda,Calanoida,Clausocalanidae,Clausocalanus,Clausocalanus paululus
ESV_5046,Arthropoda,Copepoda,Calanoida,Clausocalanidae,Clausocalanus,
ESV_1232,Arthropoda,Copepoda,Calanoida,Mecynoceridae,Mecynocera,Mecynocera clausi
ESV_1907,Arthropoda,Copepoda,Calanoida,Mecynoceridae,Mecynocera,Mecynocera clausi
ESV_2802,Arthropoda,Copepoda,Calanoida,Mecynoceridae,Mecynocera,Mecynocera clausi
ESV_3673,Arthropoda,Copepoda,Calanoida,Paracalanidae,Bestiolina,
ESV_933,Arthropoda,Copepoda,Calanoida,Paracalanidae,Bestiolina,
ESV_1281,Arthropoda,Copepoda,Calanoida,Paracalanidae,Delibus,
ESV_1442,Arthropoda,Copepoda,Calanoida,Paracalanidae,Delibus,
ESV_1742,Arthropoda,Copepoda,Calanoida,Paracalanidae,Delibus,
ESV_541,Arthropoda,Copepoda,Calanoida,Paracalanidae,Delibus,
ESV_641,Arthropoda,Copepoda,Calanoida,Paracalanidae,Delibus,
ESV_1820,Arthropoda,Copepoda,Calanoida,Paracalanidae,Paracalanus,Paracalanus nanus
ESV_652,Arthropoda,Copepoda,Calanoida,Paracalanidae,Paracalanus,Paracalanus nanus
ESV_1788,Arthropoda,Copepoda,Calanoida,Paracalanidae,Paracalanus,
ESV_1999,Arthropoda,Copepoda,Calanoida,Paracalanidae,Paracalanus,
ESV_2336,Arthropoda,Copepoda,Calanoida,Paracalanidae,Paracalanus,
ESV_2597,Arthropoda,Copepoda,Calanoida,Paracalanidae,Paracalanus,
ESV_4018,Arthropoda,Copepoda,Calanoida,Paracalanidae,Paracalanus,
ESV_4111,Arthropoda,Copepoda,Calanoida,Paracalanidae,Paracalanus,
ESV_4574,Arthropoda,Copepoda,Calanoida,Paracalanidae,Paracalanus,
ESV_794,Arthropoda,Copepoda,Calanoida,Paracalanidae,Paracalanus,
ESV_2304,Arthropoda,Copepoda,Calanoida,Paracalanidae,Parvocalanus,Parvocalanus crassirostris
ESV_1912,Arthropoda,Copepoda,Calanoida,Paracalanidae,,
ESV_5559,Arthropoda,Copepoda,Calanoida,Paracalanidae,,
ESV_2894,Arthropoda,Copepoda,Calanoida,Pontellidae,Labidocera,Labidocera minuta
ESV_139,Arthropoda,Copepoda,Calanoida,Pontellidae,Labidocera,Labidocera sp. plate_M019_F11
ESV_184,Arthropoda,Copepoda,Calanoida,Pontellidae,Labidocera,Labidocera sp. plate_M019_F11
ESV_2516,Arthropoda,Copepoda,Calanoida,Pontellidae,Labidocera,Labidocera sp. plate_M019_F11
ESV_2776,Arthropoda,Copepoda,Calanoida,Pontellidae,Labidocera,Labidocera sp. plate_M019_F11
ESV_35,Arthropoda,Copepoda,Calanoida,Pontellidae,Labidocera,Labidocera sp. plate_M019_F11
ESV_575,Arthropoda,Copepoda,Calanoida,Pontellidae,Labidocera,Labidocera sp. plate_M019_F11
ESV_5977,Arthropoda,Copepoda,Calanoida,Pontellidae,Labidocera,Labidocera sp. plate_M019_F11
ESV_725,Arthropoda,Copepoda,Calanoida,Pontellidae,Labidocera,Labidocera sp. plate_M019_F11
ESV_1066,Arthropoda,Copepoda,Calanoida,,,
ESV_1368,Arthropoda,Copepoda,Calanoida,,,
ESV_2131,Arthropoda,Copepoda,Calanoida,,,
ESV_2414,Arthropoda,Copepoda,Calanoida,,,
ESV_2420,Arthropoda,Copepoda,Calanoida,,,
ESV_2794,Arthropoda,Copepoda,Calanoida,,,
ESV_2943,Arthropoda,Copepoda,Calanoida,,,
ESV_3348,Arthropoda,Copepoda,Calanoida,,,
ESV_5672,Arthropoda,Copepoda,Calanoida,,,
ESV_6391,Arthropoda,Copepoda,Calanoida,,,
ESV_1285,Arthropoda,Copepoda,Cyclopoida,Oithonidae,Oithona,Oithona attenuata
ESV_2545,Arthropoda,Copepoda,Cyclopoida,Oithonidae,Oithona,Oithona dissimilis
ESV_312,Arthropoda,Copepoda,Cyclopoida,Oithonidae,Oithona,Oithona dissimilis
ESV_3154,Arthropoda,Copepoda,Cyclopoida,Oithonidae,Oithona,Oithona dissimilis
ESV_758,Arthropoda,Copepoda,Cyclopoida,Oithonidae,Oithona,Oithona dissimilis
ESV_3320,Arthropoda,Copepoda,Cyclopoida,Oithonidae,Oithona,Oithona simplex
ESV_5228,Arthropoda,Copepoda,Cyclopoida,Oithonidae,Oithona,Oithona sp. AC-2016
ESV_6374,Arthropoda,Copepoda,Cyclopoida,Oithonidae,Oithona,Oithona sp. AC-2016
ESV_6460,Arthropoda,Copepoda,Cyclopoida,Oithonidae,,nan Oithonidae sp. DZMB624
ESV_5274,Arthropoda,Copepoda,Poecilostomatoida,Corycaeidae,Ditrichocorycaeus,Ditrichocorycaeus andrewsi
ESV_2425,Arthropoda,Copepoda,Poecilostomatoida,Corycaeidae,Ditrichocorycaeus,Ditrichocorycaeus anglicus
ESV_2692,Arthropoda,Copepoda,Poecilostomatoida,Corycaeidae,Ditrichocorycaeus,Ditrichocorycaeus anglicus
ESV_1171,Arthropoda,Copepoda,Poecilostomatoida,Corycaeidae,Farranula,Farranula gibbula
ESV_382,Arthropoda,Copepoda,Poecilostomatoida,Corycaeidae,Farranula,Farranula gibbula
ESV_838,Arthropoda,Copepoda,Poecilostomatoida,Corycaeidae,Farranula,Farranula gibbula
ESV_1506,Arthropoda,Copepoda,Poecilostomatoida,Corycaeidae,,nan Corycaeidae sp. USNM IZ 1448542
ESV_1038,Arthropoda,Copepoda,Poecilostomatoida,Oncaeidae,Oncaea,Oncaea media
ESV_411,Arthropoda,Copepoda,Poecilostomatoida,Oncaeidae,Oncaea,Oncaea media
ESV_5960,Arthropoda,Copepoda,Poecilostomatoida,Oncaeidae,Oncaea,Oncaea mediterranea
ESV_3592,Arthropoda,Copepoda,Poecilostomatoida,Oncaeidae,Oncaea,Oncaea scottodicarloi
ESV_5249,Arthropoda,Copepoda,Poecilostomatoida,Oncaeidae,Oncaea,Oncaea scottodicarloi
ESV_5896,Arthropoda,Copepoda,Poecilostomatoida,Oncaeidae,Oncaea,Oncaea scottodicarloi
ESV_1058,Arthropoda,Copepoda,,,,nan Copepoda sp. IP0237
ESV_2031,Arthropoda,Copepoda,,,,nan Copepoda sp. IP0237
ESV_438,Arthropoda,Copepoda,,,,nan Copepoda sp. IP0237
ESV_1149,Arthropoda,Copepoda,,,,
ESV_2657,Arthropoda,Copepoda,,,,
ESV_441,Arthropoda,Copepoda,,,,
ESV_4773,Arthropoda,Malacostraca,Amphipoda,Niphargidae,Niphargus,Niphargus croaticus
ESV_5321,Arthropoda,Malacostraca,Decapoda,Domeciidae,Domecia,Domecia glabra
ESV_2718,Arthropoda,Malacostraca,Decapoda,Palaemonidae,Philarius,Philarius sp. QK-2016
ESV_3582,Arthropoda,Malacostraca,Decapoda,Portunidae,Xiphonectes,Xiphonectes macrophthalmus
ESV_3205,Arthropoda,Malacostraca,Decapoda,Portunidae,,
ESV_4868,Arthropoda,Malacostraca,Decapoda,Portunidae,,
ESV_4124,Arthropoda,Malacostraca,Decapoda,Potamidae,Geothelphusa,
ESV_4099,Arthropoda,Malacostraca,Decapoda,,,
ESV_4239,Arthropoda,Malacostraca,Decapoda,,,
ESV_6019,Arthropoda,Malacostraca,Isopoda,Santiidae,Santia,Santia sp. PHB-2005
ESV_722,Arthropoda,Thecostraca,Balanomorpha,Balanidae,Armatobalanus,
ESV_6072,Arthropoda,,,,,nan Arthropoda sp. OTU74
ESV_6264,Arthropoda,,,,,nan Arthropoda sp. ZP125
ESV_1287,Arthropoda,,,,,
ESV_2280,Arthropoda,,,,,
ESV_1316,Bacillariophyta,Bacillariophyceae,Bacillariales,Bacillariaceae,Cylindrotheca,Cylindrotheca closterium
ESV_1926,Bacillariophyta,Bacillariophyceae,Bacillariales,Bacillariaceae,Cylindrotheca,Cylindrotheca closterium
ESV_1998,Bacillariophyta,Bacillariophyceae,Bacillariales,Bacillariaceae,Cylindrotheca,Cylindrotheca closterium
ESV_2158,Bacillariophyta,Bacillariophyceae,Bacillariales,Bacillariaceae,Cylindrotheca,Cylindrotheca closterium
ESV_2195,Bacillariophyta,Bacillariophyceae,Bacillariales,Bacillariaceae,Cylindrotheca,Cylindrotheca closterium
ESV_2248,Bacillariophyta,Bacillariophyceae,Bacillariales,Bacillariaceae,Cylindrotheca,Cylindrotheca closterium
ESV_2572,Bacillariophyta,Bacillariophyceae,Bacillariales,Bacillariaceae,Cylindrotheca,Cylindrotheca closterium
ESV_2588,Bacillariophyta,Bacillariophyceae,Bacillariales,Bacillariaceae,Cylindrotheca,Cylindrotheca closterium
ESV_2858,Bacillariophyta,Bacillariophyceae,Bacillariales,Bacillariaceae,Cylindrotheca,Cylindrotheca closterium
ESV_3026,Bacillariophyta,Bacillariophyceae,Bacillariales,Bacillariaceae,Cylindrotheca,Cylindrotheca closterium
ESV_3339,Bacillariophyta,Bacillariophyceae,Bacillariales,Bacillariaceae,Cylindrotheca,Cylindrotheca closterium
ESV_3736,Bacillariophyta,Bacillariophyceae,Bacillariales,Bacillariaceae,Cylindrotheca,Cylindrotheca closterium
ESV_3829,Bacillariophyta,Bacillariophyceae,Bacillariales,Bacillariaceae,Cylindrotheca,Cylindrotheca closterium
ESV_3884,Bacillariophyta,Bacillariophyceae,Bacillariales,Bacillariaceae,Cylindrotheca,Cylindrotheca closterium
ESV_4025,Bacillariophyta,Bacillariophyceae,Bacillariales,Bacillariaceae,Cylindrotheca,Cylindrotheca closterium
ESV_4175,Bacillariophyta,Bacillariophyceae,Bacillariales,Bacillariaceae,Cylindrotheca,Cylindrotheca closterium
ESV_4226,Bacillariophyta,Bacillariophyceae,Bacillariales,Bacillariaceae,Cylindrotheca,Cylindrotheca closterium
ESV_4392,Bacillariophyta,Bacillariophyceae,Bacillariales,Bacillariaceae,Cylindrotheca,Cylindrotheca closterium
ESV_4491,Bacillariophyta,Bacillariophyceae,Bacillariales,Bacillariaceae,Cylindrotheca,Cylindrotheca closterium
ESV_4568,Bacillariophyta,Bacillariophyceae,Bacillariales,Bacillariaceae,Cylindrotheca,Cylindrotheca closterium
ESV_4883,Bacillariophyta,Bacillariophyceae,Bacillariales,Bacillariaceae,Cylindrotheca,Cylindrotheca closterium
ESV_5031,Bacillariophyta,Bacillariophyceae,Bacillariales,Bacillariaceae,Cylindrotheca,Cylindrotheca closterium
ESV_5150,Bacillariophyta,Bacillariophyceae,Bacillariales,Bacillariaceae,Cylindrotheca,Cylindrotheca closterium
ESV_5205,Bacillariophyta,Bacillariophyceae,Bacillariales,Bacillariaceae,Cylindrotheca,Cylindrotheca closterium
ESV_5364,Bacillariophyta,Bacillariophyceae,Bacillariales,Bacillariaceae,Cylindrotheca,Cylindrotheca closterium
ESV_5661,Bacillariophyta,Bacillariophyceae,Bacillariales,Bacillariaceae,Cylindrotheca,Cylindrotheca closterium
ESV_5663,Bacillariophyta,Bacillariophyceae,Bacillariales,Bacillariaceae,Cylindrotheca,Cylindrotheca closterium
ESV_6372,Bacillariophyta,Bacillariophyceae,Bacillariales,Bacillariaceae,Cylindrotheca,Cylindrotheca closterium
ESV_649,Bacillariophyta,Bacillariophyceae,Bacillariales,Bacillariaceae,Cylindrotheca,Cylindrotheca closterium
ESV_682,Bacillariophyta,Bacillariophyceae,Bacillariales,Bacillariaceae,Cylindrotheca,Cylindrotheca closterium
ESV_6009,Bacillariophyta,Bacillariophyceae,Bacillariales,Bacillariaceae,Nitzschia,Nitzschia dissipata
ESV_2556,Bacillariophyta,Bacillariophyceae,Bacillariales,Bacillariaceae,Nitzschia,Nitzschia frustulum
ESV_5034,Bacillariophyta,Bacillariophyceae,Bacillariales,Bacillariaceae,Nitzschia,Nitzschia longissima
ESV_1614,Bacillariophyta,Bacillariophyceae,Bacillariales,Bacillariaceae,Nitzschia,
ESV_2217,Bacillariophyta,Bacillariophyceae,Bacillariales,Bacillariaceae,Nitzschia,
ESV_677,Bacillariophyta,Bacillariophyceae,Bacillariales,Bacillariaceae,Psammodictyon,Psammodictyon panduriforme
ESV_3593,Bacillariophyta,Bacillariophyceae,Bacillariales,Bacillariaceae,Pseudo-nitzschia,Pseudo-nitzschia caciantha
ESV_1159,Bacillariophyta,Bacillariophyceae,Bacillariales,Bacillariaceae,Pseudo-nitzschia,Pseudo-nitzschia sabit
ESV_2343,Bacillariophyta,Bacillariophyceae,Bacillariales,Bacillariaceae,Pseudo-nitzschia,Pseudo-nitzschia sabit
ESV_565,Bacillariophyta,Bacillariophyceae,Bacillariales,Bacillariaceae,Pseudo-nitzschia,Pseudo-nitzschia sabit
ESV_734,Bacillariophyta,Bacillariophyceae,Bacillariales,Bacillariaceae,Pseudo-nitzschia,Pseudo-nitzschia sabit
ESV_787,Bacillariophyta,Bacillariophyceae,Bacillariales,Bacillariaceae,Pseudo-nitzschia,Pseudo-nitzschia sabit
ESV_825,Bacillariophyta,Bacillariophyceae,Bacillariales,Bacillariaceae,Pseudo-nitzschia,Pseudo-nitzschia sabit
ESV_1145,Bacillariophyta,Bacillariophyceae,Bacillariales,Bacillariaceae,Pseudo-nitzschia,
ESV_1228,Bacillariophyta,Bacillariophyceae,Bacillariales,Bacillariaceae,Pseudo-nitzschia,
ESV_124,Bacillariophyta,Bacillariophyceae,Bacillariales,Bacillariaceae,Pseudo-nitzschia,
ESV_1381,Bacillariophyta,Bacillariophyceae,Bacillariales,Bacillariaceae,Pseudo-nitzschia,
ESV_1450,Bacillariophyta,Bacillariophyceae,Bacillariales,Bacillariaceae,Pseudo-nitzschia,
ESV_1471,Bacillariophyta,Bacillariophyceae,Bacillariales,Bacillariaceae,Pseudo-nitzschia,
ESV_1745,Bacillariophyta,Bacillariophyceae,Bacillariales,Bacillariaceae,Pseudo-nitzschia,
ESV_1911,Bacillariophyta,Bacillariophyceae,Bacillariales,Bacillariaceae,Pseudo-nitzschia,
ESV_193,Bacillariophyta,Bacillariophyceae,Bacillariales,Bacillariaceae,Pseudo-nitzschia,
ESV_2084,Bacillariophyta,Bacillariophyceae,Bacillariales,Bacillariaceae,Pseudo-nitzschia,
ESV_2104,Bacillariophyta,Bacillariophyceae,Bacillariales,Bacillariaceae,Pseudo-nitzschia,
ESV_273,Bacillariophyta,Bacillariophyceae,Bacillariales,Bacillariaceae,Pseudo-nitzschia,
ESV_292,Bacillariophyta,Bacillariophyceae,Bacillariales,Bacillariaceae,Pseudo-nitzschia,
ESV_313,Bacillariophyta,Bacillariophyceae,Bacillariales,Bacillariaceae,Pseudo-nitzschia,
ESV_3355,Bacillariophyta,Bacillariophyceae,Bacillariales,Bacillariaceae,Pseudo-nitzschia,
ESV_381,Bacillariophyta,Bacillariophyceae,Bacillariales,Bacillariaceae,Pseudo-nitzschia,
ESV_4008,Bacillariophyta,Bacillariophyceae,Bacillariales,Bacillariaceae,Pseudo-nitzschia,
ESV_444,Bacillariophyta,Bacillariophyceae,Bacillariales,Bacillariaceae,Pseudo-nitzschia,
ESV_587,Bacillariophyta,Bacillariophyceae,Bacillariales,Bacillariaceae,Pseudo-nitzschia,
ESV_596,Bacillariophyta,Bacillariophyceae,Bacillariales,Bacillariaceae,Pseudo-nitzschia,
ESV_609,Bacillariophyta,Bacillariophyceae,Bacillariales,Bacillariaceae,Pseudo-nitzschia,
ESV_756,Bacillariophyta,Bacillariophyceae,Bacillariales,Bacillariaceae,Pseudo-nitzschia,
ESV_790,Bacillariophyta,Bacillariophyceae,Bacillariales,Bacillariaceae,Pseudo-nitzschia,
ESV_850,Bacillariophyta,Bacillariophyceae,Bacillariales,Bacillariaceae,Pseudo-nitzschia,
ESV_883,Bacillariophyta,Bacillariophyceae,Bacillariales,Bacillariaceae,Pseudo-nitzschia,
ESV_907,Bacillariophyta,Bacillariophyceae,Bacillariales,Bacillariaceae,Pseudo-nitzschia,
ESV_992,Bacillariophyta,Bacillariophyceae,Bacillariales,Bacillariaceae,Pseudo-nitzschia,
ESV_1573,Bacillariophyta,Bacillariophyceae,Bacillariales,Bacillariaceae,,
ESV_2244,Bacillariophyta,Bacillariophyceae,Bacillariales,Bacillariaceae,,
ESV_2461,Bacillariophyta,Bacillariophyceae,Bacillariales,Bacillariaceae,,
ESV_2547,Bacillariophyta,Bacillariophyceae,Bacillariales,Bacillariaceae,,
ESV_3108,Bacillariophyta,Bacillariophyceae,Bacillariales,Bacillariaceae,,
ESV_3429,Bacillariophyta,Bacillariophyceae,Bacillariales,Bacillariaceae,,
ESV_3938,Bacillariophyta,Bacillariophyceae,Bacillariales,Bacillariaceae,,
ESV_4148,Bacillariophyta,Bacillariophyceae,Bacillariales,Bacillariaceae,,
ESV_4492,Bacillariophyta,Bacillariophyceae,Bacillariales,Bacillariaceae,,
ESV_4555,Bacillariophyta,Bacillariophyceae,Bacillariales,Bacillariaceae,,
ESV_4688,Bacillariophyta,Bacillariophyceae,Bacillariales,Bacillariaceae,,
ESV_5159,Bacillariophyta,Bacillariophyceae,Bacillariales,Bacillariaceae,,
ESV_691,Bacillariophyta,Bacillariophyceae,Bacillariales,Bacillariaceae,,
ESV_3073,Bacillariophyta,Bacillariophyceae,Naviculales,Naviculaceae,Fistulifera,Fistulifera solaris
ESV_6501,Bacillariophyta,Bacillariophyceae,Naviculales,Naviculaceae,Haslea,
ESV_6001,Bacillariophyta,Bacillariophyceae,Naviculales,Pinnulariaceae,Pinnularia,Pinnularia cf. microstauron
ESV_955,Bacillariophyta,Bacillariophyceae,Naviculales,Pinnulariaceae,Pinnularia,Pinnularia cf. microstauron
ESV_2816,Bacillariophyta,Bacillariophyceae,Naviculales,Pinnulariaceae,Pinnularia,Pinnularia subanglica
ESV_4121,Bacillariophyta,Bacillariophyceae,Naviculales,,,
ESV_4784,Bacillariophyta,Bacillariophyceae,Naviculales,,,
ESV_1072,Bacillariophyta,Bacillariophyceae,,,,
ESV_1301,Bacillariophyta,Bacillariophyceae,,,,
ESV_1864,Bacillariophyta,Bacillariophyceae,,,,
ESV_2105,Bacillariophyta,Bacillariophyceae,,,,
ESV_2496,Bacillariophyta,Bacillariophyceae,,,,
ESV_2980,Bacillariophyta,Bacillariophyceae,,,,
ESV_3319,Bacillariophyta,Bacillariophyceae,,,,
ESV_3421,Bacillariophyta,Bacillariophyceae,,,,
ESV_3799,Bacillariophyta,Bacillariophyceae,,,,
ESV_4672,Bacillariophyta,Bacillariophyceae,,,,
ESV_4742,Bacillariophyta,Bacillariophyceae,,,,
ESV_4778,Bacillariophyta,Bacillariophyceae,,,,
ESV_773,Bacillariophyta,Bacillariophyceae,,,,
ESV_149,Bacillariophyta,Coscinodiscophyceae,Chaetocerotales,Chaetocerotaceae,Chaetoceros,Chaetoceros tenuissimus
ESV_347,Bacillariophyta,Coscinodiscophyceae,Chaetocerotales,Chaetocerotaceae,Chaetoceros,Chaetoceros tenuissimus
ESV_401,Bacillariophyta,Coscinodiscophyceae,Chaetocerotales,Chaetocerotaceae,Chaetoceros,Chaetoceros tenuissimus
ESV_809,Bacillariophyta,Coscinodiscophyceae,Chaetocerotales,Chaetocerotaceae,Chaetoceros,Chaetoceros tenuissimus
ESV_1768,Bacillariophyta,Coscinodiscophyceae,Coscinodiscales,Coscinodiscaceae,Coscinodiscus,Coscinodiscus wailesii
ESV_1674,Bacillariophyta,Coscinodiscophyceae,Rhizosoleniales,Rhizosoleniaceae,Guinardia,Guinardia delicatula
ESV_2073,Bacillariophyta,Coscinodiscophyceae,Rhizosoleniales,Rhizosoleniaceae,Guinardia,Guinardia delicatula
ESV_670,Bacillariophyta,Coscinodiscophyceae,Rhizosoleniales,Rhizosoleniaceae,Guinardia,Guinardia striata
ESV_1191,Bacillariophyta,Coscinodiscophyceae,Rhizosoleniales,Rhizosoleniaceae,Guinardia,
ESV_3650,Bacillariophyta,Coscinodiscophyceae,Rhizosoleniales,Rhizosoleniaceae,Guinardia,
ESV_468,Bacillariophyta,Coscinodiscophyceae,Rhizosoleniales,Rhizosoleniaceae,Guinardia,
ESV_792,Bacillariophyta,Coscinodiscophyceae,Rhizosoleniales,Rhizosoleniaceae,Guinardia,
ESV_2818,Bacillariophyta,Coscinodiscophyceae,Rhizosoleniales,Rhizosoleniaceae,Rhizosolenia,Rhizosolenia setigera
ESV_1344,Bacillariophyta,Coscinodiscophyceae,Rhizosoleniales,Rhizosoleniaceae,,
ESV_1328,Bacillariophyta,Coscinodiscophyceae,Stephanodiscales,Stephanodiscaceae,Cyclotella,Cyclotella cryptica
ESV_2265,Bacillariophyta,Coscinodiscophyceae,Stephanodiscales,Stephanodiscaceae,Cyclotella,Cyclotella cryptica
ESV_5678,Bacillariophyta,Coscinodiscophyceae,Stephanodiscales,Stephanodiscaceae,Cyclotella,Cyclotella sp. MBTD-CMFRI-S052
ESV_1152,Bacillariophyta,Coscinodiscophyceae,Thalassiosirales,Skeletonemataceae,Skeletonema,
ESV_2463,Bacillariophyta,Coscinodiscophyceae,Thalassiosirales,Skeletonemataceae,Skeletonema,
ESV_36,Bacillariophyta,Coscinodiscophyceae,Thalassiosirales,Skeletonemataceae,Skeletonema,
ESV_861,Bacillariophyta,Coscinodiscophyceae,Thalassiosirales,Skeletonemataceae,Skeletonema,
ESV_299,Bacillariophyta,Coscinodiscophyceae,Thalassiosirales,Thalassiosiraceae,Thalassiosira,Thalassiosira nordenskioeldii
ESV_1409,Bacillariophyta,Coscinodiscophyceae,Thalassiosirales,,,
ESV_2801,Bacillariophyta,Fragilariophyceae,Fragilariales,Fragilariaceae,Asterionellopsis,Asterionellopsis glacialis
ESV_4370,Bacillariophyta,Mediophyceae,Cymatosirales,Cymatosiraceae,Minutocellus,Minutocellus polymorphus
ESV_4455,Bacillariophyta,Mediophyceae,Cymatosirales,Cymatosiraceae,Minutocellus,Minutocellus polymorphus
ESV_1605,Bacillariophyta,Mediophyceae,Eupodiscales,Odontellaceae,Odontella,Odontella regia
ESV_5779,Bacillariophyta,Mediophyceae,Hemiaulales,Hemiaulaceae,Hemiaulus,Hemiaulus sinensis
ESV_1738,Bacillariophyta,Mediophyceae,Lithodesmiales,Lithodesmiaceae,Lithodesmium,Lithodesmium intricatum
ESV_2531,Bacillariophyta,Mediophyceae,Lithodesmiales,Lithodesmiaceae,Lithodesmium,Lithodesmium intricatum
ESV_4433,Bacillariophyta,Mediophyceae,Lithodesmiales,Lithodesmiaceae,Lithodesmium,Lithodesmium intricatum
ESV_2814,Bacillariophyta,Mediophyceae,Lithodesmiales,Lithodesmiaceae,,
ESV_3280,Bacillariophyta,Mediophyceae,Lithodesmiales,Lithodesmiaceae,,
ESV_2347,Bacillariophyta,Mediophyceae,,,,
ESV_2544,Bacillariophyta,Mediophyceae,,,,
ESV_4550,Bacillariophyta,Mediophyceae,,,,
ESV_501,Bacillariophyta,Mediophyceae,,,,
ESV_6108,Bacillariophyta,Mediophyceae,,,,
ESV_678,Bacillariophyta,Mediophyceae,,,,
ESV_945,Bacillariophyta,Mediophyceae,,,,
ESV_1148,Bacillariophyta,,,,,
ESV_1252,Bacillariophyta,,,,,
ESV_1584,Bacillariophyta,,,,,
ESV_2178,Bacillariophyta,,,,,
ESV_2239,Bacillariophyta,,,,,
ESV_2375,Bacillariophyta,,,,,
ESV_2830,Bacillariophyta,,,,,
ESV_3038,Bacillariophyta,,,,,
ESV_3098,Bacillariophyta,,,,,
ESV_3115,Bacillariophyta,,,,,
ESV_3151,Bacillariophyta,,,,,
ESV_3188,Bacillariophyta,,,,,
ESV_344,Bacillariophyta,,,,,
ESV_3662,Bacillariophyta,,,,,
ESV_4007,Bacillariophyta,,,,,
ESV_4109,Bacillariophyta,,,,,
ESV_4343,Bacillariophyta,,,,,
ESV_4416,Bacillariophyta,,,,,
ESV_4484,Bacillariophyta,,,,,
ESV_4588,Bacillariophyta,,,,,
ESV_5487,Bacillariophyta,,,,,
ESV_5919,Bacillariophyta,,,,,
ESV_5994,Bacillariophyta,,,,,
ESV_835,Bacillariophyta,,,,,
ESV_1180,Bryozoa,Gymnolaemata,Cheilostomatida,Bugulidae,Bugula,Bugula tsunamiensis
ESV_4212,Bryozoa,Gymnolaemata,Cheilostomatida,Catenicellidae,Cornuticella,Cornuticella trapezoidea
ESV_6413,Bryozoa,Gymnolaemata,Cheilostomatida,Catenicellidae,Costaticella,Costaticella bicuspis
ESV_1244,Bryozoa,Gymnolaemata,Cheilostomatida,,,
ESV_3422,Bryozoa,Gymnolaemata,Cheilostomatida,,,
ESV_613,Chlorarachniophyta,Chlorarachniophyceae,Chlorarachniales ,Chlorarachniaceae,Bigelowiella,Bigelowiella natans
ESV_1166,Chaetognatha,Sagittoidea,Aphragmophora,Sagittidae,Ferosagitta,Ferosagitta sp. Y16LS2
ESV_502,Chaetognatha,Sagittoidea,,,,nan Chaetognatha sp. ZP303
ESV_86,Chaetognatha,Sagittoidea,,,,nan Chaetognatha sp. ZP303
ESV_1786,Chlorophyta,Chloropicophyceae,Chloropicales,Chloropicaceae,Chloroparvula,Chloroparvula pacifica
ESV_4724,Chlorophyta,Chloropicophyceae,Chloropicales,Chloropicaceae,Chloroparvula,Chloroparvula pacifica
ESV_580,Chlorophyta,Chloropicophyceae,Chloropicales,Chloropicaceae,Chloroparvula,
ESV_3596,Chlorophyta,Chloropicophyceae,Chloropicales,Chloropicaceae,Chloropicon,Chloropicon laureae
ESV_5023,Chlorophyta,Chloropicophyceae,Chloropicales,Chloropicaceae,Chloropicon,Chloropicon laureae
ESV_4019,Chlorophyta,Chloropicophyceae,Chloropicales,Chloropicaceae,Chloropicon,Chloropicon mariensis
ESV_2130,Chlorophyta,Chloropicophyceae,Chloropicales,Chloropicaceae,Chloropicon,Chloropicon maureeniae
ESV_2361,Chlorophyta,Chloropicophyceae,Chloropicales,Chloropicaceae,Chloropicon,Chloropicon primus
ESV_1507,Chlorophyta,Chloropicophyceae,Chloropicales,Chloropicaceae,Chloropicon,Chloropicon roscoffensis
ESV_3173,Chlorophyta,Chloropicophyceae,Chloropicales,Chloropicaceae,Chloropicon,Chloropicon roscoffensis
ESV_1419,Chlorophyta,Chloropicophyceae,Chloropicales,Chloropicaceae,Chloropicon,Chloropicon sieburthii
ESV_1524,Chlorophyta,Chloropicophyceae,Chloropicales,Chloropicaceae,Chloropicon,Chloropicon sieburthii
ESV_1538,Chlorophyta,Chloropicophyceae,Chloropicales,Chloropicaceae,Chloropicon,Chloropicon sieburthii
ESV_1224,Chlorophyta,Mamiellophyceae,Dolichomastigales,Dolichomastigaceae,Dolichomastix,Dolichomastix tenuilepis
ESV_1903,Chlorophyta,Mamiellophyceae,Dolichomastigales,Dolichomastigaceae,Dolichomastix,Dolichomastix tenuilepis
ESV_3028,Chlorophyta,Mamiellophyceae,Dolichomastigales,Dolichomastigaceae,Dolichomastix,Dolichomastix tenuilepis
ESV_3481,Chlorophyta,Mamiellophyceae,Dolichomastigales,Dolichomastigaceae,Dolichomastix,Dolichomastix tenuilepis
ESV_5103,Chlorophyta,Mamiellophyceae,Dolichomastigales,Dolichomastigaceae,Dolichomastix,Dolichomastix tenuilepis
ESV_6404,Chlorophyta,Mamiellophyceae,Dolichomastigales,Dolichomastigaceae,Dolichomastix,Dolichomastix tenuilepis
ESV_123,Chlorophyta,Mamiellophyceae,Mamiellales,Bathycoccaceae,Bathycoccus,Bathycoccus prasinos
ESV_162,Chlorophyta,Mamiellophyceae,Mamiellales,Bathycoccaceae,Bathycoccus,Bathycoccus prasinos
ESV_1,Chlorophyta,Mamiellophyceae,Mamiellales,Mamiellaceae,Micromonas,Micromonas pusilla
ESV_10,Chlorophyta,Mamiellophyceae,Mamiellales,Mamiellaceae,Micromonas,Micromonas pusilla
ESV_11,Chlorophyta,Mamiellophyceae,Mamiellales,Mamiellaceae,Micromonas,Micromonas pusilla
ESV_1147,Chlorophyta,Mamiellophyceae,Mamiellales,Mamiellaceae,Micromonas,Micromonas pusilla
ESV_1767,Chlorophyta,Mamiellophyceae,Mamiellales,Mamiellaceae,Micromonas,Micromonas pusilla
ESV_1977,Chlorophyta,Mamiellophyceae,Mamiellales,Mamiellaceae,Micromonas,Micromonas pusilla
ESV_2,Chlorophyta,Mamiellophyceae,Mamiellales,Mamiellaceae,Micromonas,Micromonas pusilla
ESV_2051,Chlorophyta,Mamiellophyceae,Mamiellales,Mamiellaceae,Micromonas,Micromonas pusilla
ESV_6,Chlorophyta,Mamiellophyceae,Mamiellales,Mamiellaceae,Micromonas,Micromonas pusilla
ESV_1343,Chlorophyta,Pyramimonadophyceae,Pyramimonadales,Pyramimonadaceae,Cymbomonas,Cymbomonas tetramitiformis
ESV_2085,Chlorophyta,Ulvophyceae,Oltmannsiellopsidales,Oltmannsiellopsidaceae,Oltmannsiellopsis,Oltmannsiellopsis viridis
ESV_2686,Chlorophyta,Ulvophyceae,Oltmannsiellopsidales,Oltmannsiellopsidaceae,Oltmannsiellopsis,Oltmannsiellopsis viridis
ESV_496,Chlorophyta,Pyramimonadophyceae,Pseudoscourfieldiales,Pycnococcaceae,,
ESV_994,Chlorophyta,Pyramimonadophyceae,Pseudoscourfieldiales,Pycnococcaceae,,
ESV_3514,Chordata,Teleostei,Acanthuriformes,Acanthuridae,Acanthurus,Acanthurus nigrofuscus
ESV_3386,Chordata,Teleostei,Acanthuriformes,Acanthuridae,Ctenochaetus,Ctenochaetus striatus
ESV_3806,Chordata,Teleostei,Acanthuriformes,Acanthuridae,Ctenochaetus,
ESV_5253,Chordata,Teleostei,Acanthuriformes,Acanthuridae,Naso,Naso lituratus
ESV_3454,Chordata,Teleostei,Acanthuriformes,Acanthuridae,Naso,Naso unicornis
ESV_4573,Chordata,Teleostei,Acanthuriformes,Acanthuridae,Naso,Naso unicornis
ESV_5651,Chordata,Teleostei,Anguilliformes,Muraenidae,Gymnothorax,Gymnothorax fimbriatus
ESV_4862,Chordata,Teleostei,Atheriniformes,Atherinidae,Hypoatherina,Hypoatherina barnesi
ESV_3434,Chordata,Teleostei,Blenniiformes,Blenniidae,Cirripectes,Cirripectes castaneus
ESV_3993,Chordata,Teleostei,Blenniiformes,Tripterygiidae,Enneapterygius,
ESV_4843,Chordata,Teleostei,Blenniiformes,Tripterygiidae,Enneapterygius,
ESV_1582,Chordata,Teleostei,Clupeiformes,Clupeidae,Amblygaster,Amblygaster sirm
ESV_4429,Chordata,Teleostei,Clupeiformes,Clupeidae,,
ESV_6355,Chordata,Teleostei,Cypriniformes,Cyprinidae,Cyprinus,Cyprinus carpio
ESV_2774,Chordata,Teleostei,Gobiiformes,Gobiidae,Callogobius,Callogobius maculipinnis
ESV_3426,Chordata,Teleostei,Gobiiformes,Gobiidae,Eviota,Eviota shimadai
ESV_4771,Chordata,Teleostei,Gobiiformes,Gobiidae,Eviota,Eviota shimadai
ESV_5353,Chordata,Teleostei,Gobiiformes,Gobiidae,Eviota,Eviota shimadai
ESV_2567,Chordata,Teleostei,Gobiiformes,Gobiidae,Gnatholepis,
ESV_3272,Chordata,Teleostei,Gobiiformes,Gobiidae,Ptereleotris,
ESV_4998,Chordata,Teleostei,Gobiiformes,Gobiidae,,
ESV_6054,Chordata,Teleostei,Gobiiformes,Gobiidae,,
ESV_3196,Chordata,Teleostei,Holocentriformes,Holocentridae,Myripristis,Myripristis kuntee
ESV_4005,Chordata,Teleostei,Holocentriformes,Holocentridae,Myripristis,Myripristis violacea
ESV_3654,Chordata,Teleostei,Holocentriformes,Holocentridae,Sargocentron,
ESV_3574,Chordata,Teleostei,Kurtiformes,Apogonidae,Nectamia,Nectamia bandanensis
ESV_4900,Chordata,Teleostei,Labriformes,Labridae,Calotomus,Calotomus carolinus
ESV_4060,Chordata,Teleostei,Labriformes,Labridae,Hemigymnus,Hemigymnus fasciatus
ESV_912,Chordata,Teleostei,Labriformes,Labridae,Iniistius,Iniistius evides
ESV_2369,Chordata,Teleostei,Labriformes,Labridae,Scarus,Scarus forsteni
ESV_1711,Chordata,Teleostei,Labriformes,Labridae,,
ESV_1993,Chordata,Teleostei,Labriformes,Labridae,,
ESV_3776,Chordata,Teleostei,Labriformes,Labridae,,
ESV_4385,Chordata,Teleostei,Labriformes,Labridae,,
ESV_4596,Chordata,Teleostei,Lutjaniformes,Haemulidae,Plectorhinchus,
ESV_3343,Chordata,Teleostei,Lutjaniformes,Lutjanidae,Macolor,
ESV_2267,Chordata,Teleostei,Lutjaniformes,Lutjanidae,Pterocaesio,Pterocaesio digramma
ESV_2975,Chordata,Teleostei,Lutjaniformes,Lutjanidae,Pterocaesio,Pterocaesio digramma
ESV_4242,Chordata,Teleostei,Lutjaniformes,Lutjanidae,Pterocaesio,Pterocaesio digramma
ESV_4450,Chordata,Teleostei,Lutjaniformes,Lutjanidae,Pterocaesio,Pterocaesio digramma
ESV_4532,Chordata,Teleostei,Lutjaniformes,Lutjanidae,Pterocaesio,Pterocaesio digramma
ESV_5271,Chordata,Teleostei,Lutjaniformes,Lutjanidae,Pterocaesio,Pterocaesio digramma
ESV_6132,Chordata,Teleostei,Lutjaniformes,Lutjanidae,Pterocaesio,Pterocaesio tile
ESV_3898,Chordata,Teleostei,Lutjaniformes,Lutjanidae,Pterocaesio,
ESV_4244,Chordata,Teleostei,Perciformes,Serranidae,Pseudogramma,Pseudogramma polyacantha
ESV_5569,Chordata,Teleostei,Priacanthiformes,Priacanthidae,Priacanthus,Priacanthus hamrur
ESV_5579,Chordata,Teleostei,Scombriformes,Scombridae,Rastrelliger,
ESV_5354,Chordata,Teleostei,Spariformes,Lethrinidae,Lethrinus,Lethrinus nebulosus
ESV_4577,Chordata,Teleostei,Spariformes,Lethrinidae,Lethrinus,Lethrinus ornatus
ESV_1832,Chordata,Teleostei,Spariformes,Nemipteridae,Scolopsis,Scolopsis monogramma
ESV_5226,Chordata,Teleostei,Syngnathiformes,Mullidae,Parupeneus,Parupeneus barberinoides
ESV_2038,Chordata,Teleostei,Syngnathiformes,Mullidae,Parupeneus,Parupeneus multifasciatus
ESV_4878,Chordata,Teleostei,Syngnathiformes,Mullidae,Parupeneus,Parupeneus pleurostigma
ESV_3063,Chordata,Teleostei,Syngnathiformes,Mullidae,Upeneus,Upeneus tragula
ESV_1669,Chordata,Teleostei,Acanthuriformes,Pomacanthidae,Centropyge,
ESV_1585,Chordata,Teleostei,Acanthuriformes,Pomacanthidae,,
ESV_1157,Chordata,Teleostei,Acanthuriformes,Pomacentridae,Abudefduf,Abudefduf vaigiensis
ESV_4149,Chordata,Teleostei,Acanthuriformes,Pomacentridae,Abudefduf,
ESV_1597,Chordata,Teleostei,Acanthuriformes,Pomacentridae,Amblyglyphidodon,
ESV_4014,Chordata,Teleostei,Acanthuriformes,Pomacentridae,Amblyglyphidodon,
ESV_4379,Chordata,Teleostei,Acanthuriformes,Pomacentridae,Amblyglyphidodon,
ESV_5500,Chordata,Teleostei,Acanthuriformes,Pomacentridae,Chromis,
ESV_780,Chordata,Teleostei,Acanthuriformes,Pomacentridae,Chromis,
ESV_3500,Chordata,Teleostei,Acanthuriformes,Pomacentridae,Chrysiptera,
ESV_3885,Chordata,Teleostei,Acanthuriformes,Pomacentridae,Plectroglyphidodon,Plectroglyphidodon johnstonianus
ESV_4882,Chordata,Teleostei,Acanthuriformes,Pomacentridae,Pomacentrus,Pomacentrus alexanderae
ESV_2860,Chordata,Teleostei,Acanthuriformes,Pomacentridae,Pomacentrus,Pomacentrus amboinensis
ESV_6362,Chordata,Teleostei,Acanthuriformes,Pomacentridae,Pomacentrus,Pomacentrus moluccensis
ESV_2743,Chordata,Teleostei,Acanthuriformes,Pomacentridae,Pomacentrus,Pomacentrus vaiuli
ESV_5026,Chordata,Teleostei,Acanthuriformes,Pomacentridae,Pomacentrus,Pomacentrus vaiuli
ESV_5089,Chordata,Teleostei,Acanthuriformes,Pomacentridae,Pomacentrus,Pomacentrus vaiuli
ESV_5202,Chordata,Teleostei,Acanthuriformes,Pomacentridae,Pomacentrus,Pomacentrus vaiuli
ESV_2726,Chordata,Teleostei,Acanthuriformes,Pomacentridae,Pomacentrus,
ESV_4011,Chordata,Teleostei,Acanthuriformes,Pomacentridae,Pomacentrus,
ESV_1563,Chordata,Teleostei,Acanthuriformes,Pomacentridae,Pomachromis,Pomachromis fuscidorsalis
ESV_1774,Chordata,Teleostei,Acanthuriformes,Pomacentridae,Pomachromis,Pomachromis fuscidorsalis
ESV_1905,Chordata,Teleostei,Acanthuriformes,Pomacentridae,Pomachromis,Pomachromis fuscidorsalis
ESV_2623,Chordata,Teleostei,Acanthuriformes,Pomacentridae,Pomachromis,Pomachromis fuscidorsalis
ESV_2954,Chordata,Teleostei,Acanthuriformes,Pomacentridae,Pomachromis,Pomachromis fuscidorsalis
ESV_3881,Chordata,Teleostei,Acanthuriformes,Pomacentridae,Pomachromis,Pomachromis fuscidorsalis
ESV_4376,Chordata,Teleostei,Acanthuriformes,Pomacentridae,Stegastes,Stegastes fasciolatus
ESV_1882,Chordata,Teleostei,Acanthuriformes,Pomacentridae,,
ESV_2722,Chordata,Teleostei,Acanthuriformes,Pomacentridae,,
ESV_3362,Chordata,Teleostei,Acanthuriformes,Pomacentridae,,
ESV_1216,Chordata,Teleostei,,Pseudochromidae,Labracinus,Labracinus cyclophthalmus
ESV_5523,Chordata,Teleostei,,Pseudochromidae,Labracinus,
ESV_2909,Chordata,Teleostei,,,,
ESV_13,Chordata,Ascidiacea,Phlebobranchia,Ascidiidae,Ascidia,Ascidia ahodori
ESV_14,Chordata,Ascidiacea,Phlebobranchia,Ascidiidae,Ascidia,Ascidia ahodori
ESV_95,Chordata,Ascidiacea,Phlebobranchia,Ascidiidae,Ascidia,Ascidia ahodori
ESV_1142,Chordata,Ascidiacea,Stolidobranchia,Styelidae,Botrylloides,
ESV_1382,Chordata,Ascidiacea,Stolidobranchia,Styelidae,Botrylloides,
ESV_2515,Chordata,Ascidiacea,Stolidobranchia,Styelidae,Botrylloides,
ESV_2755,Chordata,Ascidiacea,Stolidobranchia,Styelidae,Botrylloides,
ESV_3942,Chordata,Ascidiacea,Stolidobranchia,Styelidae,Botrylloides,
ESV_2822,Chordata,Ascidiacea,Stolidobranchia,,,
ESV_5904,Chordata,Ascidiacea,Stolidobranchia,,,
ESV_5780,Chordata,Chondrichthyes,Myliobatiformes,Dasyatidae,Pateobatis,Pateobatis fai
ESV_5637,Chordata,,,,,
ESV_1754,Cnidaria,Anthozoa,Actiniaria,Aliciidae,Triactis,Triactis producta
ESV_2679,Cnidaria,Anthozoa,Actiniaria,Boloceroididae,Boloceroides,Boloceroides mcmurrichi
ESV_1631,Cnidaria,Anthozoa,Actiniaria,,,
ESV_1683,Cnidaria,Anthozoa,Actiniaria,,,
ESV_2215,Cnidaria,Anthozoa,Actiniaria,,,
ESV_3086,Cnidaria,Anthozoa,Actiniaria,,,
ESV_3091,Cnidaria,Anthozoa,Actiniaria,,,
ESV_4143,Cnidaria,Anthozoa,Actiniaria,,,
ESV_5373,Cnidaria,Anthozoa,Actiniaria,,,
ESV_604,Cnidaria,Anthozoa,Actiniaria,,,
ESV_238,Cnidaria,Anthozoa,Alcyonacea,Alcyoniidae,Lobophytum,
ESV_630,Cnidaria,Anthozoa,Alcyonacea,Alcyoniidae,Lobophytum,
ESV_5130,Cnidaria,Anthozoa,Alcyonacea,Alcyoniidae,Sinularia,
ESV_1093,Cnidaria,Anthozoa,Scleractinia,Pocilloporidae,Pocillopora,Pocillopora damicornis
ESV_1194,Cnidaria,Anthozoa,Scleractinia,Poritidae,Porites,
ESV_2413,Cnidaria,Anthozoa,Scleractinia,Poritidae,Porites,
ESV_4119,Cnidaria,Anthozoa,Scleractinia,Poritidae,Porites,
ESV_973,Cnidaria,Anthozoa,Scleractinia,Poritidae,Porites,
ESV_1205,Cnidaria,Anthozoa,Scleractinia,,,
ESV_1351,Cnidaria,Anthozoa,Scleractinia,,,
ESV_2145,Cnidaria,Anthozoa,Scleractinia,,,
ESV_2325,Cnidaria,Anthozoa,Scleractinia,,,
ESV_2854,Cnidaria,Anthozoa,Scleractinia,,,
ESV_296,Cnidaria,Anthozoa,Scleractinia,,,
ESV_3765,Cnidaria,Cubozoa,Carybdeida,Tripedaliidae,Copula,Copula sivickisi
ESV_6381,Cnidaria,Hydrozoa,Anthoathecata,Cladocorynidae,Pteroclava,Pteroclava krempfi
ESV_2808,Cnidaria,Hydrozoa,Anthoathecata,Corynidae,,
ESV_2763,Cnidaria,Hydrozoa,Anthoathecata,Cytaeididae,Cytaeis,
ESV_5310,Cnidaria,Hydrozoa,Anthoathecata,Eudendriidae,Eudendrium,Eudendrium rameum
ESV_5658,Cnidaria,Hydrozoa,Anthoathecata,Eudendriidae,Eudendrium,Eudendrium rameum
ESV_4968,Cnidaria,Hydrozoa,Anthoathecata,Hydractiniidae,Hydractinia,Hydractinia symbiolongicarpus
ESV_2003,Cnidaria,Hydrozoa,Anthoathecata,Milleporidae,Millepora,Millepora exaesa
ESV_2004,Cnidaria,Hydrozoa,Anthoathecata,Milleporidae,Millepora,Millepora exaesa
ESV_2873,Cnidaria,Hydrozoa,Anthoathecata,Milleporidae,Millepora,Millepora exaesa
ESV_4146,Cnidaria,Hydrozoa,Anthoathecata,Milleporidae,Millepora,Millepora exaesa
ESV_4711,Cnidaria,Hydrozoa,Anthoathecata,Pandeidae,Amphinema,Amphinema sp. JRH-2012
ESV_6379,Cnidaria,Hydrozoa,Anthoathecata,Sphaerocorynidae,Sphaerocoryne,Sphaerocoryne bedoti
ESV_935,Cnidaria,Hydrozoa,Anthoathecata,Zancleidae,Zanclea,Zanclea divergens
ESV_3496,Cnidaria,Hydrozoa,Anthoathecata,Zancleidae,Zanclea,Zanclea implexa
ESV_6343,Cnidaria,Hydrozoa,Anthoathecata,Zancleidae,Zanclea,Zanclea implexa
ESV_816,Cnidaria,Hydrozoa,Anthoathecata,Zancleidae,Zanclea,Zanclea implexa
ESV_2820,Cnidaria,Hydrozoa,Anthoathecata,Zancleidae,Zanclea,Zanclea sp. SN123
ESV_5300,Cnidaria,Hydrozoa,Anthoathecata,Zancleidae,Zanclea,
ESV_3487,Cnidaria,Hydrozoa,Anthoathecata,Zancleopsidae,Zancleopsis,Zancleopsis dichotoma
ESV_3657,Cnidaria,Hydrozoa,Anthoathecata,Zancleopsidae,Zancleopsis,Zancleopsis dichotoma
ESV_4393,Cnidaria,Hydrozoa,Anthoathecata,Zancleopsidae,Zancleopsis,Zancleopsis dichotoma
ESV_5910,Cnidaria,Hydrozoa,Anthoathecata,Zancleopsidae,Zancleopsis,Zancleopsis dichotoma
ESV_2149,Cnidaria,Hydrozoa,Anthoathecata,,,
ESV_3217,Cnidaria,Hydrozoa,Anthoathecata,,,
ESV_5004,Cnidaria,Hydrozoa,Anthoathecata,,,
ESV_5316,Cnidaria,Hydrozoa,Anthoathecata,,,
ESV_3715,Cnidaria,Hydrozoa,Leptothecata,Campanulariidae,Orthopyxis,Orthopyxis caliculata
ESV_1661,Cnidaria,Hydrozoa,Leptothecata,Haleciidae,Halecium,Halecium sp. BMOO-08734
ESV_2922,Cnidaria,Hydrozoa,Leptothecata,Laodiceidae,Laodicea,Laodicea undulata
ESV_4259,Cnidaria,Hydrozoa,Leptothecata,Laodiceidae,Laodicea,Laodicea undulata
ESV_6357,Cnidaria,Hydrozoa,Leptothecata,Laodiceidae,Laodicea,Laodicea undulata
ESV_2895,Cnidaria,Hydrozoa,Leptothecata,Obeliidae,Obelia,Obelia dichotoma
ESV_6403,Cnidaria,Hydrozoa,Leptothecata,Sertulariidae,Dynamena,Dynamena sp. CC-2020
ESV_3286,Cnidaria,Hydrozoa,Leptothecata,Sertulariidae,Fraseroscyphus,Fraseroscyphus hozawai
ESV_3078,Cnidaria,Hydrozoa,Leptothecata,Sertulariidae,Symplectoscyphus,Symplectoscyphus tricuspidatus
ESV_1317,Cnidaria,Hydrozoa,Leptothecata,,,
ESV_1700,Cnidaria,Hydrozoa,Leptothecata,,,
ESV_2059,Cnidaria,Hydrozoa,Leptothecata,,,
ESV_2377,Cnidaria,Hydrozoa,Leptothecata,,,
ESV_2409,Cnidaria,Hydrozoa,Leptothecata,,,
ESV_2785,Cnidaria,Hydrozoa,Leptothecata,,,
ESV_2934,Cnidaria,Hydrozoa,Leptothecata,,,
ESV_3033,Cnidaria,Hydrozoa,Leptothecata,,,
ESV_3148,Cnidaria,Hydrozoa,Leptothecata,,,
ESV_3278,Cnidaria,Hydrozoa,Leptothecata,,,
ESV_3461,Cnidaria,Hydrozoa,Leptothecata,,,
ESV_4006,Cnidaria,Hydrozoa,Leptothecata,,,
ESV_4604,Cnidaria,Hydrozoa,Leptothecata,,,
ESV_4810,Cnidaria,Hydrozoa,Leptothecata,,,
ESV_5234,Cnidaria,Hydrozoa,Leptothecata,,,
ESV_5928,Cnidaria,Hydrozoa,Leptothecata,,,
ESV_6367,Cnidaria,Hydrozoa,Leptothecata,,,
ESV_6416,Cnidaria,Hydrozoa,Leptothecata,,,
ESV_4114,Cnidaria,Hydrozoa,Siphonophorae,Agalmatidae,Nanomia,Nanomia bijuga
ESV_1539,Cnidaria,Hydrozoa,Siphonophorae,Apolemiidae,Apolemia,Apolemia sp. BO-2009
ESV_3947,Cnidaria,Hydrozoa,Siphonophorae,Apolemiidae,Apolemia,Apolemia sp. BO-2009
ESV_3080,Cnidaria,Hydrozoa,Siphonophorae,,,
ESV_4537,Cnidaria,Hydrozoa,,,,Hydrozoa sp. BCnid2010-007
ESV_1004,Cnidaria,Hydrozoa,,,,
ESV_1543,Cnidaria,Hydrozoa,,,,
ESV_1887,Cnidaria,Hydrozoa,,,,
ESV_2351,Cnidaria,Hydrozoa,,,,
ESV_2423,Cnidaria,Hydrozoa,,,,
ESV_2778,Cnidaria,Hydrozoa,,,,
ESV_2781,Cnidaria,Hydrozoa,,,,
ESV_2920,Cnidaria,Hydrozoa,,,,
ESV_3597,Cnidaria,Hydrozoa,,,,
ESV_3721,Cnidaria,Hydrozoa,,,,
ESV_4036,Cnidaria,Hydrozoa,,,,
ESV_4601,Cnidaria,Hydrozoa,,,,
ESV_4796,Cnidaria,Hydrozoa,,,,
ESV_4923,Cnidaria,Hydrozoa,,,,
ESV_5008,Cnidaria,Hydrozoa,,,,
ESV_5029,Cnidaria,Hydrozoa,,,,
ESV_5368,Cnidaria,Hydrozoa,,,,
ESV_5913,Cnidaria,Hydrozoa,,,,
ESV_6345,Cnidaria,Hydrozoa,,,,
ESV_6411,Cnidaria,Hydrozoa,,,,
ESV_5940,Cnidaria,Scyphozoa,Coronatae,Linuchidae,Linuche,Linuche sp. PWMEMEK
ESV_3359,Cnidaria,,,,,
ESV_4024,Cnidaria,,,,,
ESV_4543,Cnidaria,,,,,
ESV_598,Amoebozoa,Discosea,Dactylopodida,Paramoebidae,Cunea,Cunea profundata
ESV_4306,Amoebozoa,Discosea,Dactylopodida,Paramoebidae,Korotnevella,Korotnevella limbata
ESV_4126,Amoebozoa,Discosea,Dactylopodida,,,
ESV_3497,Amoebozoa,Discosea,,Vannellidae,Vannella,
ESV_4576,Amoebozoa,Discosea,Himatismenida,Cochliopodiidae,Cochliopodium,Cochliopodium kieliense
ESV_5619,Amoebozoa,Discosea,,,,
ESV_2865,Echinodermata,Asteroidea,Spinulosida,Echinasteridae,Echinaster,Echinaster callosus
ESV_4133,Echinodermata,Asteroidea,Valvatida,Asterinidae,Aquilonastra,
ESV_2297,Echinodermata,Echinoidea,Camarodonta,Echinometridae,,
ESV_3036,Echinodermata,Echinoidea,Camarodonta,Echinometridae,,
ESV_494,Echinodermata,Echinoidea,Camarodonta,Strongylocentrotidae,Hemicentrotus,Hemicentrotus pulcherrimus
ESV_819,Echinodermata,Echinoidea,Clypeasteroida,Clypeasteridae,Clypeaster,
ESV_4461,Echinodermata,Echinoidea,Diadematoida,Diadematidae,Echinothrix,Echinothrix calamaris
ESV_597,Echinodermata,Echinoidea,Temnopleuroida,Temnopleuridae,Mespilia,Mespilia globulus
ESV_3448,Echinodermata,Holothuroidea,Apodida,Chiridotidae,Taeniogyrus,Taeniogyrus sp. HT2021
ESV_2717,Echinodermata,Holothuroidea,Dendrochirotida,Cucumariidae,Colochirus,Colochirus sp_1_GP
ESV_3625,Echinodermata,Holothuroidea,Dendrochirotida,Cucumariidae,Plesiocolochirus,Plesiocolochirus challengeri
ESV_3486,Echinodermata,Holothuroidea,Dendrochirotida,,,
ESV_4633,Echinodermata,Holothuroidea,,,,
ESV_4193,Echinodermata,Ophiuroidea,Amphilepidida,Amphiuridae,Amphiura,Amphiura microsoma
ESV_2949,Echinodermata,Ophiuroidea,Amphilepidida,Ophiocomidae,Ophiocoma,Ophiocoma erinaceus
ESV_3987,Echinodermata,Ophiuroidea,Amphilepidida,Ophiocomidae,Ophiocoma,Ophiocoma erinaceus
ESV_4346,Echinodermata,Ophiuroidea,Amphilepidida,Ophiocomidae,Ophiocoma,Ophiocoma erinaceus
ESV_5596,Echinodermata,Ophiuroidea,Amphilepidida,Ophiocomidae,Ophiocoma,Ophiocoma erinaceus
ESV_5148,Echinodermata,Ophiuroidea,Amphilepidida,Ophiocomidae,Ophiomastix,Ophiomastix annulosa
ESV_5973,Echinodermata,Ophiuroidea,Amphilepidida,Ophiocomidae,Ophiomastix,Ophiomastix stenozonula
ESV_3785,Echinodermata,Ophiuroidea,Amphilepidida,Ophiodermatidae,Ophiarachna,Ophiarachna incrassata
ESV_5239,Echinodermata,Ophiuroidea,Amphilepidida,Ophiodermatidae,Ophiarachna,Ophiarachna incrassata
ESV_4472,Echinodermata,Ophiuroidea,Amphilepidida,Ophionereidae,Ophionereis,Ophionereis hexactis
ESV_3141,Echinodermata,Ophiuroidea,Amphilepidida,Ophionereidae,Ophionereis,Ophionereis porrecta
ESV_2960,Echinodermata,Ophiuroidea,Amphilepidida,Ophionereidae,Ophionereis,Ophionereis variegata
ESV_533,Echinodermata,Ophiuroidea,Amphilepidida,Ophiotrichidae,Macrophiothrix,Macrophiothrix propinqua
ESV_5627,Echinodermata,Ophiuroidea,Amphilepidida,Ophiotrichidae,Macrophiothrix,Macrophiothrix propinqua
ESV_6040,Echinodermata,Ophiuroidea,Amphilepidida,Ophiotrichidae,Macrophiothrix,Macrophiothrix propinqua
ESV_5957,Echinodermata,Ophiuroidea,Amphilepidida,Ophiotrichidae,Macrophiothrix,
ESV_6070,Echinodermata,Ophiuroidea,,,,
ESV_17,Haptophyta,Coccolithophyceae,Isochrysidales,Noelaerhabdaceae,,
ESV_25,Haptophyta,Coccolithophyceae,Isochrysidales,Noelaerhabdaceae,,
ESV_50,Haptophyta,Coccolithophyceae,Isochrysidales,Noelaerhabdaceae,,
ESV_1001,Haptophyta,Coccolithophyceae,Phaeocystales,Phaeocystaceae,Phaeocystis,Phaeocystis globosa
ESV_1067,Haptophyta,Coccolithophyceae,Phaeocystales,Phaeocystaceae,Phaeocystis,Phaeocystis globosa
ESV_1078,Haptophyta,Coccolithophyceae,Phaeocystales,Phaeocystaceae,Phaeocystis,Phaeocystis globosa
ESV_1234,Haptophyta,Coccolithophyceae,Phaeocystales,Phaeocystaceae,Phaeocystis,Phaeocystis globosa
ESV_1571,Haptophyta,Coccolithophyceae,Phaeocystales,Phaeocystaceae,Phaeocystis,Phaeocystis globosa
ESV_1684,Haptophyta,Coccolithophyceae,Phaeocystales,Phaeocystaceae,Phaeocystis,Phaeocystis globosa
ESV_2723,Haptophyta,Coccolithophyceae,Phaeocystales,Phaeocystaceae,Phaeocystis,Phaeocystis globosa
ESV_295,Haptophyta,Coccolithophyceae,Phaeocystales,Phaeocystaceae,Phaeocystis,Phaeocystis globosa
ESV_349,Haptophyta,Coccolithophyceae,Phaeocystales,Phaeocystaceae,Phaeocystis,Phaeocystis globosa
ESV_45,Haptophyta,Coccolithophyceae,Phaeocystales,Phaeocystaceae,Phaeocystis,Phaeocystis globosa
ESV_4948,Haptophyta,Coccolithophyceae,Phaeocystales,Phaeocystaceae,Phaeocystis,Phaeocystis globosa
ESV_1311,Haptophyta,Coccolithophyceae,Phaeocystales,Phaeocystaceae,Phaeocystis,Phaeocystis rex
ESV_387,Haptophyta,Coccolithophyceae,Phaeocystales,Phaeocystaceae,Phaeocystis,Phaeocystis rex
ESV_579,Haptophyta,Coccolithophyceae,Phaeocystales,Phaeocystaceae,Phaeocystis,Phaeocystis rex
ESV_759,Haptophyta,Coccolithophyceae,Phaeocystales,Phaeocystaceae,Phaeocystis,Phaeocystis rex
ESV_1199,Haptophyta,Coccolithophyceae,Phaeocystales,Phaeocystaceae,Phaeocystis,
ESV_1332,Haptophyta,Coccolithophyceae,Phaeocystales,Phaeocystaceae,Phaeocystis,
ESV_1349,Haptophyta,Coccolithophyceae,Phaeocystales,Phaeocystaceae,Phaeocystis,
ESV_1370,Haptophyta,Coccolithophyceae,Phaeocystales,Phaeocystaceae,Phaeocystis,
ESV_221,Haptophyta,Coccolithophyceae,Phaeocystales,Phaeocystaceae,Phaeocystis,
ESV_327,Haptophyta,Coccolithophyceae,Phaeocystales,Phaeocystaceae,Phaeocystis,
ESV_470,Haptophyta,Coccolithophyceae,Phaeocystales,Phaeocystaceae,Phaeocystis,
ESV_685,Haptophyta,Coccolithophyceae,Phaeocystales,Phaeocystaceae,Phaeocystis,
ESV_783,Haptophyta,Coccolithophyceae,Phaeocystales,Phaeocystaceae,Phaeocystis,
ESV_786,Haptophyta,Coccolithophyceae,Phaeocystales,Phaeocystaceae,Phaeocystis,
ESV_824,Haptophyta,Coccolithophyceae,Phaeocystales,Phaeocystaceae,Phaeocystis,
ESV_932,Haptophyta,Coccolithophyceae,Phaeocystales,Phaeocystaceae,Phaeocystis,
ESV_1618,Haptophyta,Coccolithophyceae,Prymnesiales,Chrysochromulinaceae,Chrysochromulina,Chrysochromulina parva
ESV_1942,Haptophyta,Coccolithophyceae,Prymnesiales,Chrysochromulinaceae,Chrysochromulina,Chrysochromulina parva
ESV_1337,Haptophyta,Coccolithophyceae,Prymnesiales,Chrysochromulinaceae,Chrysochromulina,Chrysochromulina sp. NIES-1333
ESV_1357,Haptophyta,Coccolithophyceae,Prymnesiales,Chrysochromulinaceae,Chrysochromulina,Chrysochromulina sp. NIES-1333
ESV_1427,Haptophyta,Coccolithophyceae,Prymnesiales,Chrysochromulinaceae,Chrysochromulina,Chrysochromulina sp. NIES-1333
ESV_1484,Haptophyta,Coccolithophyceae,Prymnesiales,Chrysochromulinaceae,Chrysochromulina,Chrysochromulina sp. NIES-1333
ESV_2137,Haptophyta,Coccolithophyceae,Prymnesiales,Chrysochromulinaceae,Chrysochromulina,Chrysochromulina sp. NIES-1333
ESV_314,Haptophyta,Coccolithophyceae,Prymnesiales,Chrysochromulinaceae,Chrysochromulina,Chrysochromulina sp. NIES-1333
ESV_394,Haptophyta,Coccolithophyceae,Prymnesiales,Chrysochromulinaceae,Chrysochromulina,Chrysochromulina sp. NIES-1333
ESV_624,Haptophyta,Coccolithophyceae,Prymnesiales,Chrysochromulinaceae,Chrysochromulina,Chrysochromulina sp. NIES-1333
ESV_633,Haptophyta,Coccolithophyceae,Prymnesiales,Chrysochromulinaceae,Chrysochromulina,Chrysochromulina sp. NIES-1333
ESV_1391,Haptophyta,Coccolithophyceae,Prymnesiales,Chrysochromulinaceae,Chrysochromulina,
ESV_2832,Haptophyta,Coccolithophyceae,Prymnesiales,Chrysochromulinaceae,Chrysochromulina,
ESV_5659,Mollusca,Bivalvia,Ostreida,Ostreidae,Dendostrea,
ESV_4331,Mollusca,Bivalvia,Ostreida,Ostreidae,Saccostrea,Saccostrea mordax
ESV_4616,Mollusca,Bivalvia,Ostreida,Ostreidae,Saccostrea,Saccostrea mordax
ESV_3786,Mollusca,Bivalvia,Ostreida,Ostreidae,,
ESV_6499,Mollusca,Bivalvia,Venerida,Veneridae,Lioconcha,Lioconcha annettae
ESV_3287,Mollusca,Gastropoda,Aplysiida,Aplysiidae,Aplysia,
ESV_4547,Mollusca,Gastropoda,Aplysiida,Aplysiidae,Aplysia,
ESV_5371,Mollusca,Gastropoda,Aplysiida,Aplysiidae,Aplysia,
ESV_5633,Mollusca,Gastropoda,Aplysiida,Aplysiidae,Aplysia,
ESV_2985,Mollusca,Gastropoda,Cephalaspidea,Aglajidae,Odontoglaja,Odontoglaja guamensis
ESV_3853,Mollusca,Gastropoda,Cephalaspidea,Aglajidae,Odontoglaja,Odontoglaja guamensis
ESV_2458,Mollusca,Gastropoda,Cephalaspidea,Haminoeidae,Haminoeidae sp. Otherid C TRO-2019,
ESV_2938,Mollusca,Gastropoda,Cephalaspidea,Haminoeidae,Haminoeidae sp. Otherid C TRO-2019,
ESV_5051,Mollusca,Gastropoda,Cephalaspidea,Haminoeidae,Haminoeidae sp. Otherid C TRO-2019,
ESV_1888,Mollusca,Gastropoda,Cephalaspidea,Haminoeidae,,
ESV_5939,Mollusca,Gastropoda,Cephalaspidea,Haminoeidae,,
ESV_5350,Mollusca,Gastropoda,Cephalaspidea,Smaragdinellidae,Phanerophthalmus,Phanerophthalmus lentigines
ESV_6390,Mollusca,Gastropoda,Cephalaspidea,Smaragdinellidae,Phanerophthalmus,Phanerophthalmus lentigines
ESV_3729,Mollusca,Gastropoda,Cephalaspidea,,,
ESV_4267,Mollusca,Gastropoda,Cephalaspidea,,,
ESV_2972,Mollusca,Gastropoda,Lepetellida,Haliotidae,Haliotis,Haliotis asinina
ESV_430,Mollusca,Gastropoda,Littorinimorpha,Caecidae,Caecum,Caecum japonicum
ESV_4599,Mollusca,Gastropoda,Littorinimorpha,Caecidae,Caecum,Caecum japonicum
ESV_480,Mollusca,Gastropoda,Littorinimorpha,Caecidae,Caecum,Caecum japonicum
ESV_5935,Mollusca,Gastropoda,Littorinimorpha,Strombidae,Strombus,
ESV_1801,Mollusca,Gastropoda,Neogastropoda,Columbellidae,Seminella,
ESV_3857,Mollusca,Gastropoda,Neogastropoda,Muricidae,Drupella,Drupella fragum
ESV_2806,Mollusca,Gastropoda,Neogastropoda,Nassariidae,Tritia,
ESV_3905,Mollusca,Gastropoda,Nudibranchia,Actinocyclidae,Actinocyclus <gastropods>,Actinocyclus <gastropods> Actinocyclus verrucosus
ESV_6044,Mollusca,Gastropoda,Nudibranchia,Discodorididae,Sclerodoris,
ESV_1780,Mollusca,Gastropoda,Nudibranchia,Discodorididae,Thordisa,Thordisa aff. albomacula clade A SD-2020
ESV_320,Mollusca,Gastropoda,Nudibranchia,Gymnodorididae,Gymnodoris,
ESV_5623,Mollusca,Gastropoda,Nudibranchia,Hexabranchidae,Hexabranchus,Hexabranchus sanguineus
ESV_4556,Mollusca,Gastropoda,Nudibranchia,Polyceridae,Plocamopherus,
ESV_4250,Mollusca,Gastropoda,Nudibranchia,Trinchesiidae,Phestilla,
ESV_5509,Mollusca,Gastropoda,Nudibranchia,,,
ESV_6493,Mollusca,Gastropoda,Nudibranchia,,,
ESV_4327,Mollusca,Gastropoda,Pleurobranchida,Pleurobranchidae,Pleurobranchus,Pleurobranchus mamillatus
ESV_4396,Mollusca,Gastropoda,Pleurobranchida,Pleurobranchidae,Pleurobranchus,
ESV_4439,Mollusca,Gastropoda,Pleurobranchida,Pleurobranchidae,Pleurobranchus,
ESV_5049,Mollusca,Gastropoda,Trochida,Trochidae,Eurytrochus,Eurytrochus cognatus
ESV_147,Mollusca,Gastropoda,Trochida,Trochidae,Pseudostomatella,Pseudostomatella decolorata
ESV_3909,Mollusca,Gastropoda,Trochida,Trochidae,Trochus,
ESV_3076,Mollusca,Gastropoda,Trochida,Trochidae,,
ESV_4215,Mollusca,Gastropoda,Trochida,Trochidae,,
ESV_5923,Mollusca,Gastropoda,Trochida,Trochidae,,
ESV_2199,Mollusca,Gastropoda,Trochida,Turbinidae,Turbo,
ESV_2599,Mollusca,Gastropoda,Trochida,Turbinidae,Turbo,
ESV_5897,Mollusca,Gastropoda,,Cerithiidae,Cerithium,Cerithium nesioticum
ESV_5022,Mollusca,Gastropoda,,Cerithiopsidae,Cerithiopsis,Cerithiopsis sp. USNM 1467512
ESV_1709,Mollusca,Gastropoda,,Dialidae,,nan Dialidae sp. BMOO-03134
ESV_768,Mollusca,Gastropoda,,Hermaeidae,Hermaea,Hermaea wrangeliae
ESV_4349,Mollusca,Gastropoda,,Pachychilidae,Sulcospira,Sulcospira paludiformis
ESV_4412,Mollusca,Gastropoda,,Plakobranchidae,Elysia,
ESV_4282,Mollusca,Gastropoda,,,,
ESV_4820,Mollusca,Gastropoda,,,,
ESV_4992,Mollusca,Gastropoda,,,,
ESV_5391,Mollusca,Gastropoda,,,,
ESV_5898,Mollusca,Gastropoda,,,,
ESV_779,Mollusca,Gastropoda,,,,
ESV_944,Mollusca,Gastropoda,,,,
ESV_5949,Nemertea,Enopla,Monostilifera,Amphiporidae,Zygonemertes,Zygonemertes sp. 1 TCH-2015
ESV_1461,Nemertea,Enopla,Monostilifera,Amphiporidae,,
ESV_3354,Nemertea,Pilidiophora,Heteronemertea,Gorgonorhynchidae,Gorgonorhynchus,Gorgonorhynchus albocinctus
ESV_5014,Nemertea,Pilidiophora,Heteronemertea,Lineidae,Notospermus,Notospermus tricuspidatus
ESV_5229,Nemertea,Pilidiophora,Heteronemertea,Lineidae,,nan Lineidae sp. USNM 1616794
ESV_3648,Nemertea,,,,,
ESV_110,Picozoa,,,,,nan Picobiliphyte sp. MS584-11
ESV_113,Picozoa,,,,,nan Picobiliphyte sp. MS584-11
ESV_140,Picozoa,,,,,nan Picobiliphyte sp. MS584-11
ESV_192,Picozoa,,,,,nan Picobiliphyte sp. MS584-11
ESV_308,Picozoa,,,,,nan Picobiliphyte sp. MS584-11
ESV_335,Picozoa,,,,,nan Picobiliphyte sp. MS584-11
ESV_512,Picozoa,,,,,nan Picobiliphyte sp. MS584-11
ESV_85,Picozoa,,,,,nan Picobiliphyte sp. MS584-11
ESV_6361,Platyhelminthes,Rhabditophora,Polycladida,,,nan Acotylea sp. HAW04
ESV_2729,Porifera,Demospongiae,Biemnida,Rhabderemiidae,Rhabderemia,Rhabderemia sorokinae
ESV_1660,Porifera,Demospongiae,Bubarida,Dictyonellidae,Scopalina,Scopalina ruetzleri
ESV_1919,Porifera,Demospongiae,Bubarida,Dictyonellidae,Scopalina,Scopalina ruetzleri
ESV_1922,Porifera,Demospongiae,Bubarida,Dictyonellidae,Scopalina,Scopalina ruetzleri
ESV_2048,Porifera,Demospongiae,Bubarida,Dictyonellidae,Scopalina,Scopalina ruetzleri
ESV_2704,Porifera,Demospongiae,Bubarida,Dictyonellidae,Scopalina,Scopalina ruetzleri
ESV_2727,Porifera,Demospongiae,Bubarida,Dictyonellidae,Scopalina,Scopalina ruetzleri
ESV_3190,Porifera,Demospongiae,Bubarida,Dictyonellidae,Scopalina,Scopalina ruetzleri
ESV_6395,Porifera,Demospongiae,Bubarida,Dictyonellidae,Scopalina,Scopalina ruetzleri
ESV_842,Porifera,Demospongiae,Bubarida,Dictyonellidae,Scopalina,Scopalina ruetzleri
ESV_3099,Porifera,Demospongiae,Clionaida,Clionaidae,Cliona,
ESV_2552,Porifera,Demospongiae,Clionaida,Clionaidae,,
ESV_2600,Porifera,Demospongiae,Clionaida,Clionaidae,,
ESV_4866,Porifera,Demospongiae,Clionaida,Clionaidae,,
ESV_4467,Porifera,Demospongiae,Clionaida,,,
ESV_5121,Porifera,Demospongiae,Dendroceratida,Darwinellidae,Dendrilla,
ESV_1894,Porifera,Demospongiae,Desmacellida,Desmacellidae,Desmacella,
ESV_896,Porifera,Demospongiae,Desmacellida,Desmacellidae,Desmacella,
ESV_1209,Porifera,Demospongiae,Dictyoceratida,Thorectidae,Fasciospongia,Fasciospongia cavernosa
ESV_3273,Porifera,Demospongiae,Dictyoceratida,Thorectidae,Fasciospongia,Fasciospongia cavernosa
ESV_3960,Porifera,Demospongiae,Dictyoceratida,Thorectidae,Fasciospongia,Fasciospongia cavernosa
ESV_3005,Porifera,Demospongiae,Haplosclerida,Callyspongiidae,Callyspongia,Callyspongia plicifera
ESV_2120,Porifera,Demospongiae,Haplosclerida,Chalinidae,Haliclona,
ESV_1273,Porifera,Demospongiae,Haplosclerida,Petrosiidae,Petrosia,
ESV_1981,Porifera,Demospongiae,Haplosclerida,Petrosiidae,Petrosia,
ESV_2286,Porifera,Demospongiae,Haplosclerida,Petrosiidae,Petrosia,
ESV_2436,Porifera,Demospongiae,Haplosclerida,Petrosiidae,Petrosia,
ESV_245,Porifera,Demospongiae,Haplosclerida,Petrosiidae,Petrosia,
ESV_4324,Porifera,Demospongiae,Haplosclerida,Petrosiidae,Petrosia,
ESV_1197,Porifera,Demospongiae,Haplosclerida,,,
ESV_1447,Porifera,Demospongiae,Haplosclerida,,,
ESV_1679,Porifera,Demospongiae,Haplosclerida,,,
ESV_1737,Porifera,Demospongiae,Haplosclerida,,,
ESV_1857,Porifera,Demospongiae,Haplosclerida,,,
ESV_197,Porifera,Demospongiae,Haplosclerida,,,
ESV_2013,Porifera,Demospongiae,Haplosclerida,,,
ESV_2096,Porifera,Demospongiae,Haplosclerida,,,
ESV_2122,Porifera,Demospongiae,Haplosclerida,,,
ESV_2242,Porifera,Demospongiae,Haplosclerida,,,
ESV_2264,Porifera,Demospongiae,Haplosclerida,,,
ESV_2475,Porifera,Demospongiae,Haplosclerida,,,
ESV_2577,Porifera,Demospongiae,Haplosclerida,,,
ESV_2631,Porifera,Demospongiae,Haplosclerida,,,
ESV_2714,Porifera,Demospongiae,Haplosclerida,,,
ESV_2720,Porifera,Demospongiae,Haplosclerida,,,
ESV_306,Porifera,Demospongiae,Haplosclerida,,,
ESV_3114,Porifera,Demospongiae,Haplosclerida,,,
ESV_3117,Porifera,Demospongiae,Haplosclerida,,,
ESV_321,Porifera,Demospongiae,Haplosclerida,,,
ESV_3215,Porifera,Demospongiae,Haplosclerida,,,
ESV_3373,Porifera,Demospongiae,Haplosclerida,,,
ESV_4896,Porifera,Demospongiae,Haplosclerida,,,
ESV_5012,Porifera,Demospongiae,Haplosclerida,,,
ESV_5680,Porifera,Demospongiae,Haplosclerida,,,
ESV_806,Porifera,Demospongiae,Haplosclerida,,,
ESV_870,Porifera,Demospongiae,Haplosclerida,,,
ESV_954,Porifera,Demospongiae,Haplosclerida,,,
ESV_975,Porifera,Demospongiae,Haplosclerida,,,
ESV_979,Porifera,Demospongiae,Haplosclerida,,,
ESV_2842,Porifera,Demospongiae,Poecilosclerida,Coelosphaeridae,Lissodendoryx,Lissodendoryx flabellata
ESV_1875,Porifera,Demospongiae,Poecilosclerida,Microcionidae,Clathria,
ESV_2724,Porifera,Demospongiae,Poecilosclerida,Microcionidae,Clathria,
ESV_3966,Porifera,Demospongiae,Poecilosclerida,Microcionidae,Clathria,
ESV_1952,Porifera,Demospongiae,Poecilosclerida,,,
ESV_1985,Porifera,Demospongiae,Poecilosclerida,,,
ESV_2359,Porifera,Demospongiae,Poecilosclerida,,,
ESV_3139,Porifera,Demospongiae,Poecilosclerida,,,
ESV_3680,Porifera,Demospongiae,Poecilosclerida,,,
ESV_3723,Porifera,Demospongiae,Poecilosclerida,,,
ESV_3742,Porifera,Demospongiae,Poecilosclerida,,,
ESV_3747,Porifera,Demospongiae,Poecilosclerida,,,
ESV_3937,Porifera,Demospongiae,Poecilosclerida,,,
ESV_4047,Porifera,Demospongiae,Poecilosclerida,,,
ESV_4509,Porifera,Demospongiae,Poecilosclerida,,,
ESV_4671,Porifera,Demospongiae,Poecilosclerida,,,
ESV_5048,Porifera,Demospongiae,Poecilosclerida,,,
ESV_6061,Porifera,Demospongiae,Poecilosclerida,,,
ESV_6347,Porifera,Demospongiae,Poecilosclerida,,,
ESV_762,Porifera,Demospongiae,Poecilosclerida,,,
ESV_923,Porifera,Demospongiae,Poecilosclerida,,,
ESV_665,Porifera,Demospongiae,Polymastiida,,,
ESV_903,Porifera,Demospongiae,Polymastiida,,,
ESV_1438,Porifera,Demospongiae,Suberitida,Halichondriidae,,
ESV_1785,Porifera,Demospongiae,Suberitida,Halichondriidae,,
ESV_2916,Porifera,Demospongiae,Suberitida,Halichondriidae,,
ESV_694,Porifera,Demospongiae,Suberitida,Halichondriidae,,
ESV_3288,Porifera,Demospongiae,Suberitida,Suberitidae,,
ESV_5822,Porifera,Demospongiae,Suberitida,Suberitidae,,
ESV_1313,Porifera,Demospongiae,Suberitida,,,
ESV_1696,Porifera,Demospongiae,Suberitida,,,
ESV_1893,Porifera,Demospongiae,Suberitida,,,
ESV_2644,Porifera,Demospongiae,Suberitida,,,
ESV_2670,Porifera,Demospongiae,Suberitida,,,
ESV_2699,Porifera,Demospongiae,Suberitida,,,
ESV_2877,Porifera,Demospongiae,Suberitida,,,
ESV_3067,Porifera,Demospongiae,Suberitida,,,
ESV_4067,Porifera,Demospongiae,Suberitida,,,
ESV_4888,Porifera,Demospongiae,Suberitida,,,
ESV_5885,Porifera,Demospongiae,Suberitida,,,
ESV_6331,Porifera,Demospongiae,Suberitida,,,
ESV_1475,Porifera,Demospongiae,Tethyida,Hemiasterellidae,Hemiasterella,Hemiasterella sp. UCMPWC1021
ESV_1636,Porifera,Demospongiae,Tethyida,Hemiasterellidae,Hemiasterella,Hemiasterella sp. UCMPWC1021
ESV_3140,Porifera,Demospongiae,Tethyida,Hemiasterellidae,Hemiasterella,Hemiasterella sp. UCMPWC1021
ESV_3962,Porifera,Demospongiae,Verongiida,Aplysinidae,Aiolochroia,Aiolochroia crassa
ESV_4263,Porifera,Demospongiae,Verongiida,Aplysinidae,Verongula,
ESV_129,Porifera,Demospongiae,Verongiida,,,
ESV_187,Porifera,Demospongiae,Verongiida,,,
ESV_3019,Porifera,Demospongiae,Verongiida,,,
ESV_5666,Porifera,Demospongiae,Verongiida,,,
ESV_1495,Porifera,Demospongiae,,,,nan Demospongiae sp. DGM-2019
ESV_1782,Porifera,Demospongiae,,,,nan Demospongiae sp. DGM-2019
ESV_2030,Porifera,Demospongiae,,,,nan Demospongiae sp. DGM-2019
ESV_2366,Porifera,Demospongiae,,,,nan Demospongiae sp. DGM-2019
ESV_3152,Porifera,Demospongiae,,,,nan Demospongiae sp. DGM-2019
ESV_3209,Porifera,Demospongiae,,,,nan Demospongiae sp. DGM-2019
ESV_3534,Porifera,Demospongiae,,,,nan Demospongiae sp. DGM-2019
ESV_3708,Porifera,Demospongiae,,,,nan Demospongiae sp. DGM-2019
ESV_1616,Porifera,Demospongiae,,,,nan Demospongiae sp. GW3035
ESV_2953,Porifera,Demospongiae,,,,nan Demospongiae sp. GW3035
ESV_2278,Porifera,Demospongiae,,,,nan Demospongiae sp. GW5945
ESV_1085,Porifera,Demospongiae,,,,
ESV_1123,Porifera,Demospongiae,,,,
ESV_1610,Porifera,Demospongiae,,,,
ESV_1730,Porifera,Demospongiae,,,,
ESV_1858,Porifera,Demospongiae,,,,
ESV_1918,Porifera,Demospongiae,,,,
ESV_2141,Porifera,Demospongiae,,,,
ESV_2213,Porifera,Demospongiae,,,,
ESV_2412,Porifera,Demospongiae,,,,
ESV_2464,Porifera,Demospongiae,,,,
ESV_2497,Porifera,Demospongiae,,,,
ESV_2585,Porifera,Demospongiae,,,,
ESV_2610,Porifera,Demospongiae,,,,
ESV_3042,Porifera,Demospongiae,,,,
ESV_3357,Porifera,Demospongiae,,,,
ESV_3516,Porifera,Demospongiae,,,,
ESV_3771,Porifera,Demospongiae,,,,
ESV_3888,Porifera,Demospongiae,,,,
ESV_3908,Porifera,Demospongiae,,,,
ESV_420,Porifera,Demospongiae,,,,
ESV_4273,Porifera,Demospongiae,,,,
ESV_5165,Porifera,Demospongiae,,,,
ESV_5614,Porifera,Demospongiae,,,,
ESV_626,Porifera,Demospongiae,,,,
ESV_4748,Porifera,Hexactinellida,Lyssacinosida,Leucopsacidae,Oopsacas,Oopsacas minuta
ESV_2662,Porifera,Homoscleromorpha,Homosclerophorida,Oscarellidae,Oscarella,Oscarella microlobata
ESV_3331,Porifera,Homoscleromorpha,Homosclerophorida,Oscarellidae,Oscarella,Oscarella microlobata
ESV_1536,Porifera,Homoscleromorpha,Homosclerophorida,Oscarellidae,Oscarella,
ESV_2054,Porifera,Homoscleromorpha,Homosclerophorida,Oscarellidae,Oscarella,
ESV_3051,Porifera,Homoscleromorpha,Homosclerophorida,Oscarellidae,Oscarella,
ESV_3094,Porifera,Homoscleromorpha,Homosclerophorida,Oscarellidae,Oscarella,
ESV_4280,Porifera,Homoscleromorpha,Homosclerophorida,Oscarellidae,Oscarella,
ESV_436,Porifera,Homoscleromorpha,Homosclerophorida,Oscarellidae,Oscarella,
ESV_1898,Porifera,Homoscleromorpha,Homosclerophorida,Oscarellidae,,
ESV_1923,Porifera,Homoscleromorpha,Homosclerophorida,Oscarellidae,,
ESV_3666,Porifera,Homoscleromorpha,Homosclerophorida,Oscarellidae,,
ESV_2749,Porifera,Homoscleromorpha,Homosclerophorida,Plakinidae,Plakina,
ESV_3620,Porifera,Homoscleromorpha,Homosclerophorida,Plakinidae,Plakina,
ESV_2394,Porifera,Homoscleromorpha,Homosclerophorida,Plakinidae,Plakortis,
ESV_3296,Porifera,Homoscleromorpha,Homosclerophorida,Plakinidae,Plakortis,
ESV_3813,Porifera,Homoscleromorpha,Homosclerophorida,Plakinidae,,
ESV_4587,Porifera,Homoscleromorpha,Homosclerophorida,Plakinidae,,
ESV_4765,Porifera,Homoscleromorpha,Homosclerophorida,Plakinidae,,
ESV_524,Porifera,Homoscleromorpha,Homosclerophorida,Plakinidae,,
ESV_1505,Porifera,,,,,
ESV_1664,Porifera,,,,,
ESV_2040,Porifera,,,,,
ESV_6032,Rhodophyta,Compsopogonophyceae,Erythropeltidales,Erythrotrichiaceae,Sahlingia,Sahlingia subintegra
ESV_4026,Rhodophyta,Florideophyceae,Ceramiales,Callithamniaceae,Crouania,Crouania minutissima
ESV_2402,Rhodophyta,Florideophyceae,Ceramiales,Dasyaceae,,
ESV_4281,Rhodophyta,Florideophyceae,Ceramiales,Delesseriaceae,Taenioma,Taenioma perpusillum
ESV_2438,Rhodophyta,Florideophyceae,Ceramiales,Rhodomelaceae,Amansia,Amansia fimbrifolia
ESV_1764,Rhodophyta,Florideophyceae,Ceramiales,Rhodomelaceae,Chondrophycus,
ESV_2912,Rhodophyta,Florideophyceae,Ceramiales,Rhodomelaceae,Chondrophycus,
ESV_3118,Rhodophyta,Florideophyceae,Ceramiales,Rhodomelaceae,Chondrophycus,
ESV_3726,Rhodophyta,Florideophyceae,Ceramiales,Rhodomelaceae,Chondrophycus,
ESV_984,Rhodophyta,Florideophyceae,Ceramiales,Rhodomelaceae,Chondrophycus,
ESV_2462,Rhodophyta,Florideophyceae,Ceramiales,Rhodomelaceae,Herposiphonia,Herposiphonia sparsa
ESV_5550,Rhodophyta,Florideophyceae,Ceramiales,Rhodomelaceae,Herposiphonia,Herposiphonia sparsa
ESV_5906,Rhodophyta,Florideophyceae,Ceramiales,Rhodomelaceae,Herposiphonia,Herposiphonia sparsa
ESV_3570,Rhodophyta,Florideophyceae,Ceramiales,Rhodomelaceae,Melanothamnus,Melanothamnus harveyi
ESV_4809,Rhodophyta,Florideophyceae,Ceramiales,Rhodomelaceae,Palisada,Palisada parvipapillata
ESV_3769,Rhodophyta,Florideophyceae,Ceramiales,Rhodomelaceae,Palisada,
ESV_6039,Rhodophyta,Florideophyceae,Ceramiales,Rhodomelaceae,Savoiea,
ESV_1023,Rhodophyta,Florideophyceae,Ceramiales,Rhodomelaceae,,
ESV_2706,Rhodophyta,Florideophyceae,Ceramiales,Rhodomelaceae,,
ESV_2952,Rhodophyta,Florideophyceae,Ceramiales,Rhodomelaceae,,
ESV_3064,Rhodophyta,Florideophyceae,Ceramiales,Rhodomelaceae,,
ESV_3261,Rhodophyta,Florideophyceae,Ceramiales,Rhodomelaceae,,
ESV_4288,Rhodophyta,Florideophyceae,Ceramiales,Rhodomelaceae,,
ESV_4489,Rhodophyta,Florideophyceae,Ceramiales,Rhodomelaceae,,
ESV_4581,Rhodophyta,Florideophyceae,Ceramiales,Rhodomelaceae,,
ESV_5017,Rhodophyta,Florideophyceae,Ceramiales,Rhodomelaceae,,
ESV_5336,Rhodophyta,Florideophyceae,Ceramiales,Rhodomelaceae,,
ESV_5590,Rhodophyta,Florideophyceae,Ceramiales,Rhodomelaceae,,
ESV_1025,Rhodophyta,Florideophyceae,Ceramiales,,,
ESV_2825,Rhodophyta,Florideophyceae,Ceramiales,,,
ESV_2905,Rhodophyta,Florideophyceae,Ceramiales,,,
ESV_3184,Rhodophyta,Florideophyceae,Ceramiales,,,
ESV_3983,Rhodophyta,Florideophyceae,Ceramiales,,,
ESV_4802,Rhodophyta,Florideophyceae,Ceramiales,,,
ESV_5352,Rhodophyta,Florideophyceae,Ceramiales,,,
ESV_2110,Rhodophyta,Florideophyceae,Corallinales,Corallinaceae,Jania,Jania rubens
ESV_2574,Rhodophyta,Florideophyceae,Corallinales,Corallinaceae,Jania,Jania rubens
ESV_4214,Rhodophyta,Florideophyceae,Corallinales,Corallinaceae,Parvicellularium,
ESV_3980,Rhodophyta,Florideophyceae,Corallinales,Corallinaceae,,
ESV_2043,Rhodophyta,Florideophyceae,Corallinales,Lithophyllaceae,Amphiroa,
ESV_3668,Rhodophyta,Florideophyceae,Corallinales,Lithophyllaceae,,
ESV_1901,Rhodophyta,Florideophyceae,Corallinales,,,
ESV_5331,Rhodophyta,Florideophyceae,Gelidiales,Gelidiellaceae,Gelidiella,Gelidiella fanii
ESV_5688,Rhodophyta,Florideophyceae,Gelidiales,Gelidiellaceae,Parviphycus,Parviphycus sp. GHB-2016a
ESV_1413,Rhodophyta,Florideophyceae,Gigartinales,Acrotylaceae,Acrotylus,Acrotylus cryptographica
ESV_1369,Rhodophyta,Florideophyceae,Gigartinales,Dicranemataceae,Reptataxis,Reptataxis rhizophora
ESV_2453,Rhodophyta,Florideophyceae,Gigartinales,Dumontiaceae,Dudresnaya,
ESV_6102,Rhodophyta,Florideophyceae,Gigartinales,Hypneaceae,Hypnea,
ESV_4517,Rhodophyta,Florideophyceae,Gigartinales,Peyssonneliaceae,Peyssonnelia,Peyssonnelia sp. 1 indica
ESV_5315,Rhodophyta,Florideophyceae,Gigartinales,Peyssonneliaceae,Peyssonnelia,Peyssonnelia sp. 1 indica
ESV_1203,Rhodophyta,Florideophyceae,Gigartinales,Peyssonneliaceae,Peyssonnelia,Peyssonnelia sp. 1 KRD-2012
ESV_1921,Rhodophyta,Florideophyceae,Gigartinales,Peyssonneliaceae,Peyssonnelia,
ESV_3204,Rhodophyta,Florideophyceae,Gigartinales,Peyssonneliaceae,Peyssonnelia,
ESV_5556,Rhodophyta,Florideophyceae,Gigartinales,Peyssonneliaceae,Peyssonnelia,
ESV_5488,Rhodophyta,Florideophyceae,Gigartinales,Peyssonneliaceae,Polystrata,
ESV_3903,Rhodophyta,Florideophyceae,Gigartinales,Peyssonneliaceae,Ramicrusta,
ESV_2684,Rhodophyta,Florideophyceae,Gigartinales,Peyssonneliaceae,,
ESV_4046,Rhodophyta,Florideophyceae,Gigartinales,Peyssonneliaceae,,
ESV_4827,Rhodophyta,Florideophyceae,Gigartinales,Peyssonneliaceae,,
ESV_2671,Rhodophyta,Florideophyceae,Gigartinales,Solieriaceae,Eucheuma,Eucheuma denticulatum
ESV_4201,Rhodophyta,Florideophyceae,Gigartinales,Solieriaceae,Eucheuma,Eucheuma denticulatum
ESV_4759,Rhodophyta,Florideophyceae,Gigartinales,Solieriaceae,Sarconema,
ESV_2874,Rhodophyta,Florideophyceae,Gigartinales,,,
ESV_2957,Rhodophyta,Florideophyceae,Gigartinales,,,
ESV_974,Rhodophyta,Florideophyceae,Nemaliales,Galaxauraceae,Actinotrichia,
ESV_3433,Rhodophyta,Florideophyceae,Nemaliales,Liagoraceae,Ganonema,
ESV_4049,Rhodophyta,Florideophyceae,Nemaliales,Liagoraceae,Neoizziella,Neoizziella asiatica
ESV_2196,Rhodophyta,Florideophyceae,Nemaliales,Liagoraceae,Stenopeltis,Stenopeltis gracilis
ESV_2069,Rhodophyta,Florideophyceae,Nemaliales,Liagoraceae,,
ESV_3127,Rhodophyta,Florideophyceae,Nemaliales,Liagoraceae,,
ESV_3739,Rhodophyta,Florideophyceae,Nemaliales,,,
ESV_4401,Rhodophyta,Florideophyceae,Rhodymeniales,Champiaceae,Champia,Champia bifida
ESV_2500,Rhodophyta,Florideophyceae,,,,
ESV_2501,Rhodophyta,Florideophyceae,,,,
ESV_3075,Rhodophyta,Florideophyceae,,,,
ESV_3270,Rhodophyta,Florideophyceae,,,,
ESV_3646,Rhodophyta,Florideophyceae,,,,
ESV_3999,Rhodophyta,Florideophyceae,,,,
ESV_4335,Rhodophyta,Florideophyceae,,,,
ESV_4720,Rhodophyta,Florideophyceae,,,,
ESV_4782,Rhodophyta,Florideophyceae,,,,
ESV_5900,Rhodophyta,Florideophyceae,,,,
ESV_6045,Rhodophyta,Florideophyceae,,,,
ESV_1002,Annelida,,Sipuncula,Aspidosiphonidae,Aspidosiphon,Aspidosiphon albus
ESV_1760,Annelida,,Sipuncula,Aspidosiphonidae,Aspidosiphon,Aspidosiphon albus
ESV_636,Annelida,,Sipuncula,Aspidosiphonidae,Aspidosiphon,Aspidosiphon albus
ESV_4752,Annelida,,Sipuncula,Phascolosomatidae,Phascolosoma,Phascolosoma pacificum
ESV_6360,Annelida,,Sipuncula,Phascolosomatidae,Phascolosoma,Phascolosoma pacificum
ESV_5367,Annelida,,Sipuncula,Phascolosomatidae,Phascolosoma,Phascolosoma sp. MZK-2017
ESV_4377,Annelida,,Sipuncula,Phascolosomatidae,,
ESV_4514,Annelida,,Sipuncula,Phascolosomatidae,,
ESV_6397,Annelida,,Sipuncula,Phascolosomatidae,,
ESV_4977,Annelida,,Sipuncula,,,nan Sipuncula sp. BMOO-03775
ESV_3963,Ochrophyta,Chrysophyceae,Chromulinales,Chromulinaceae,Pedospumella,
ESV_1333,Ochrophyta,Chrysophyceae,Chromulinales,Paraphysomonadaceae,Paraphysomonas,
ESV_614,Ochrophyta,Chrysophyceae,Chromulinales,,,
ESV_1787,Ochrophyta,Cryptophyceae,Cryptomonadales,Hemiselmidaceae,Hemiselmis,Hemiselmis andersenii
ESV_5927,Ochrophyta,Cryptophyceae,Cryptomonadales,Hemiselmidaceae,Hemiselmis,Hemiselmis andersenii
ESV_832,Ochrophyta,Cryptophyceae,Cyathomonadacea,,Hemiarma,Hemiarma marina
ESV_3849,Ochrophyta,Dictyochophyceae,Dictyochales,,Dictyocha,Dictyocha speculum
ESV_1208,Ochrophyta,Dictyochophyceae,Florenciellales,,Florenciella,Florenciella parvula
ESV_1235,Ochrophyta,Dictyochophyceae,Florenciellales,,Florenciella,Florenciella parvula
ESV_1277,Ochrophyta,Dictyochophyceae,Florenciellales,,Florenciella,Florenciella parvula
ESV_1632,Ochrophyta,Dictyochophyceae,Florenciellales,,Florenciella,Florenciella parvula
ESV_1718,Ochrophyta,Dictyochophyceae,Florenciellales,,Florenciella,Florenciella parvula
ESV_1834,Ochrophyta,Dictyochophyceae,Florenciellales,,Florenciella,Florenciella parvula
ESV_1846,Ochrophyta,Dictyochophyceae,Florenciellales,,Florenciella,Florenciella parvula
ESV_1997,Ochrophyta,Dictyochophyceae,Florenciellales,,Florenciella,Florenciella parvula
ESV_2202,Ochrophyta,Dictyochophyceae,Florenciellales,,Florenciella,Florenciella parvula
ESV_2477,Ochrophyta,Dictyochophyceae,Florenciellales,,Florenciella,Florenciella parvula
ESV_2511,Ochrophyta,Dictyochophyceae,Florenciellales,,Florenciella,Florenciella parvula
ESV_2555,Ochrophyta,Dictyochophyceae,Florenciellales,,Florenciella,Florenciella parvula
ESV_3032,Ochrophyta,Dictyochophyceae,Florenciellales,,Florenciella,Florenciella parvula
ESV_3709,Ochrophyta,Dictyochophyceae,Florenciellales,,Florenciella,Florenciella parvula
ESV_3896,Ochrophyta,Dictyochophyceae,Florenciellales,,Florenciella,Florenciella parvula
ESV_4144,Ochrophyta,Dictyochophyceae,Florenciellales,,Florenciella,Florenciella parvula
ESV_4160,Ochrophyta,Dictyochophyceae,Florenciellales,,Florenciella,Florenciella parvula
ESV_4206,Ochrophyta,Dictyochophyceae,Florenciellales,,Florenciella,Florenciella parvula
ESV_5052,Ochrophyta,Dictyochophyceae,Florenciellales,,Florenciella,Florenciella parvula
ESV_6027,Ochrophyta,Dictyochophyceae,Florenciellales,,Florenciella,Florenciella parvula
ESV_990,Ochrophyta,Dictyochophyceae,Florenciellales,,Florenciella,Florenciella parvula
ESV_1449,Ochrophyta,Dictyochophyceae,Florenciellales,,Pseudochattonella,
ESV_5686,Ochrophyta,Dictyochophyceae,Florenciellales,,Pseudochattonella,
ESV_605,Ochrophyta,Dictyochophyceae,Pedinellales,,Pseudopedinella,Pseudopedinella elastica
ESV_1378,Myzozoa,Dinophyceae,Gymnodiniales,Gymnodiniaceae,Gymnodinium,Gymnodinium catenatum
ESV_1013,Myzozoa,Dinophyceae,Gymnodiniales,Gymnodiniaceae,Gymnodinium,
ESV_1055,Myzozoa,Dinophyceae,Gymnodiniales,Gymnodiniaceae,Margalefidinium,Margalefidinium polykrikoides
ESV_1107,Myzozoa,Dinophyceae,Gymnodiniales,Gymnodiniaceae,Margalefidinium,Margalefidinium polykrikoides
ESV_165,Myzozoa,Dinophyceae,Gymnodiniales,Gymnodiniaceae,Margalefidinium,Margalefidinium polykrikoides
ESV_2185,Myzozoa,Dinophyceae,Gymnodiniales,Gymnodiniaceae,Margalefidinium,Margalefidinium polykrikoides
ESV_298,Myzozoa,Dinophyceae,Gymnodiniales,Gymnodiniaceae,Margalefidinium,Margalefidinium polykrikoides
ESV_358,Myzozoa,Dinophyceae,Gymnodiniales,Gymnodiniaceae,Margalefidinium,Margalefidinium polykrikoides
ESV_426,Myzozoa,Dinophyceae,Gymnodiniales,Gymnodiniaceae,Margalefidinium,Margalefidinium polykrikoides
ESV_476,Myzozoa,Dinophyceae,Gymnodiniales,Gymnodiniaceae,Margalefidinium,Margalefidinium polykrikoides
ESV_548,Myzozoa,Dinophyceae,Gymnodiniales,Gymnodiniaceae,Margalefidinium,Margalefidinium polykrikoides
ESV_1578,Myzozoa,Dinophyceae,Gymnodiniales,Gymnodiniaceae,,
ESV_2558,Myzozoa,Dinophyceae,Gymnodiniales,Gymnodiniaceae,,
ESV_479,Myzozoa,Dinophyceae,Gymnodiniales,Gymnodiniaceae,,
ESV_621,Myzozoa,Dinophyceae,Gymnodiniales,Gymnodiniaceae,,
ESV_160,Myzozoa,Dinophyceae,Gymnodiniales,Kareniaceae,,
ESV_178,Myzozoa,Dinophyceae,Gymnodiniales,Kareniaceae,,
ESV_1878,Myzozoa,Dinophyceae,Gymnodiniales,Kareniaceae,,
ESV_196,Myzozoa,Dinophyceae,Gymnodiniales,Kareniaceae,,
ESV_256,Myzozoa,Dinophyceae,Gymnodiniales,Kareniaceae,,
ESV_268,Myzozoa,Dinophyceae,Gymnodiniales,Kareniaceae,,
ESV_283,Myzozoa,Dinophyceae,Gymnodiniales,Kareniaceae,,
ESV_297,Myzozoa,Dinophyceae,Gymnodiniales,Kareniaceae,,
ESV_304,Myzozoa,Dinophyceae,Gymnodiniales,Kareniaceae,,
ESV_3351,Myzozoa,Dinophyceae,Gymnodiniales,Kareniaceae,,
ESV_488,Myzozoa,Dinophyceae,Gymnodiniales,Kareniaceae,,
ESV_785,Myzozoa,Dinophyceae,Gymnodiniales,Kareniaceae,,
ESV_996,Myzozoa,Dinophyceae,Gymnodiniales,Kareniaceae,,
ESV_3504,Myzozoa,Dinophyceae,Prorocentrales,Prorocentraceae,Prorocentrum,
ESV_3552,Myzozoa,Dinophyceae,Prorocentrales,Prorocentraceae,Prorocentrum,
ESV_3730,Myzozoa,Dinophyceae,Prorocentrales,Prorocentraceae,Prorocentrum,
ESV_2285,Myzozoa,Dinophyceae,Suessiales,,,
ESV_4311,Myzozoa,Dinophyceae,Suessiales,,,
ESV_5665,Myzozoa,Dinophyceae,Syndiniales,Syndiniaceae,Hematodinium,
ESV_2047,Myzozoa,Dinophyceae,,,,
ESV_2230,Myzozoa,Dinophyceae,,,,
ESV_2598,Myzozoa,Dinophyceae,,,,
ESV_2737,Myzozoa,Dinophyceae,,,,
ESV_3460,Myzozoa,Dinophyceae,,,,
ESV_3631,Myzozoa,Dinophyceae,,,,
ESV_4010,Myzozoa,Dinophyceae,,,,
ESV_4270,Myzozoa,Dinophyceae,,,,
ESV_5674,Myzozoa,Dinophyceae,,,,
ESV_5702,Myzozoa,Dinophyceae,,,,
ESV_6020,Myzozoa,Dinophyceae,,,,
ESV_396,Ochrophyta,Pelagophyceae,Pelagomonadales,,Aureococcus,Aureococcus anophagefferens
ESV_207,Ochrophyta,Pelagophyceae,Pelagomonadales,,Pelagomonas,Pelagomonas calceolata
ESV_6015,Ochrophyta,Phaeophyceae,Dictyotales,Dictyotaceae,Dictyota,Dictyota sp. 12
ESV_271,Ochrophyta,Phaeophyceae,Dictyotales,Dictyotaceae,Dictyota,Dictyota sp. 34
ESV_1320,Ochrophyta,Phaeophyceae,Ectocarpales,Chordariaceae,Hecatonema,Hecatonema maculans
ESV_1446,Ochrophyta,Phaeophyceae,Ectocarpales,Chordariaceae,Sauvageaugloia,Sauvageaugloia divaricata
ESV_873,Ochrophyta,Phaeophyceae,Ectocarpales,Ectocarpaceae,Ectocarpus,
ESV_1036,Ochrophyta,Phaeophyceae,Fucales,Durvillaeaceae,Durvillaea,Durvillaea willana
ESV_3856,Ochrophyta,Phaeophyceae,Fucales,Durvillaeaceae,Durvillaea,Durvillaea willana
ESV_109,Ochrophyta,Phaeophyceae,,,,
ESV_1270,Ochrophyta,Phaeophyceae,,,,
ESV_3363,Ochrophyta,Raphidophyceae,Chattonellales,Chattonellaceae,Chattonella,Chattonella marina
ESV_3676,Ochrophyta,Raphidophyceae,Chattonellales,Chattonellaceae,Chattonella,Chattonella marina
ESV_4428,Ochrophyta,Raphidophyceae,Chattonellales,Chattonellaceae,Chattonella,Chattonella marina
ESV_363,Ochrophyta,Raphidophyceae,Chattonellales,Chattonellaceae,Chattonella,Chattonella subsalsa
ESV_1896,Ochrophyta,Chrysophyceae,Synurales,Mallomonadaceae,Mallomonas,
ESV_1929,Ochrophyta,Chrysophyceae,Synurales,Mallomonadaceae,Mallomonas,
ESV_4413,Ochrophyta,Chrysophyceae,Synurales,Mallomonadaceae,Mallomonas,
